"","YEAR","LENGTH","FREQ","BootESS","df","NSAMP","NHAUL","NSTRATA"
"1",1991,1,0,27.4,21084,49897,407,4
"2",1991,2,0,27.4,21084,49897,407,4
"3",1991,3,0,27.4,21084,49897,407,4
"4",1991,4,0,27.4,21084,49897,407,4
"5",1991,5,0,27.4,21084,49897,407,4
"6",1991,6,0,27.4,21084,49897,407,4
"7",1991,7,0,27.4,21084,49897,407,4
"8",1991,8,0,27.4,21084,49897,407,4
"9",1991,9,0,27.4,21084,49897,407,4
"10",1991,10,0,27.4,21084,49897,407,4
"11",1991,11,0,27.4,21084,49897,407,4
"12",1991,12,0,27.4,21084,49897,407,4
"13",1991,13,0,27.4,21084,49897,407,4
"14",1991,14,0,27.4,21084,49897,407,4
"15",1991,15,0,27.4,21084,49897,407,4
"16",1991,16,0,27.4,21084,49897,407,4
"17",1991,17,0,27.4,21084,49897,407,4
"18",1991,18,0,27.4,21084,49897,407,4
"19",1991,19,0,27.4,21084,49897,407,4
"20",1991,20,0,27.4,21084,49897,407,4
"21",1991,21,0,27.4,21084,49897,407,4
"22",1991,22,0,27.4,21084,49897,407,4
"23",1991,23,0,27.4,21084,49897,407,4
"24",1991,24,0,27.4,21084,49897,407,4
"25",1991,25,0.00000304620076827622,27.4,21084,49897,407,4
"26",1991,26,0,27.4,21084,49897,407,4
"27",1991,27,0,27.4,21084,49897,407,4
"28",1991,28,0,27.4,21084,49897,407,4
"29",1991,29,0.0000156400115546372,27.4,21084,49897,407,4
"30",1991,30,0,27.4,21084,49897,407,4
"31",1991,31,0,27.4,21084,49897,407,4
"32",1991,32,0.0000560978964857202,27.4,21084,49897,407,4
"33",1991,33,0.0000865988571044734,27.4,21084,49897,407,4
"34",1991,34,0.000291983833834334,27.4,21084,49897,407,4
"35",1991,35,0.000150088504867659,27.4,21084,49897,407,4
"36",1991,36,0.000215252959038755,27.4,21084,49897,407,4
"37",1991,37,0.000166428824697855,27.4,21084,49897,407,4
"38",1991,38,0.000348214440415247,27.4,21084,49897,407,4
"39",1991,39,0.00104729460223425,27.4,21084,49897,407,4
"40",1991,40,0.00198493647350233,27.4,21084,49897,407,4
"41",1991,41,0.0036504441150172,27.4,21084,49897,407,4
"42",1991,42,0.00795815225969589,27.4,21084,49897,407,4
"43",1991,43,0.0120612795636961,27.4,21084,49897,407,4
"44",1991,44,0.0196718943190017,27.4,21084,49897,407,4
"45",1991,45,0.0263847350915601,27.4,21084,49897,407,4
"46",1991,46,0.0413901853586607,27.4,21084,49897,407,4
"47",1991,47,0.0663098872193424,27.4,21084,49897,407,4
"48",1991,48,0.101864722732765,27.4,21084,49897,407,4
"49",1991,49,0.147990639879169,27.4,21084,49897,407,4
"50",1991,50,0.145197942629499,27.4,21084,49897,407,4
"51",1991,51,0.133799192200077,27.4,21084,49897,407,4
"52",1991,52,0.10303288486153,27.4,21084,49897,407,4
"53",1991,53,0.0675882983459258,27.4,21084,49897,407,4
"54",1991,54,0.0426169279128848,27.4,21084,49897,407,4
"55",1991,55,0.025433925871553,27.4,21084,49897,407,4
"56",1991,56,0.0136942054673957,27.4,21084,49897,407,4
"57",1991,57,0.0080252347308815,27.4,21084,49897,407,4
"58",1991,58,0.0062639326688592,27.4,21084,49897,407,4
"59",1991,59,0.00598426604788074,27.4,21084,49897,407,4
"60",1991,60,0.00562629259815672,27.4,21084,49897,407,4
"61",1991,61,0.00414814194247793,27.4,21084,49897,407,4
"62",1991,62,0.00244774869051445,27.4,21084,49897,407,4
"63",1991,63,0.00129643188813663,27.4,21084,49897,407,4
"64",1991,64,0.00120486445549202,27.4,21084,49897,407,4
"65",1991,65,0.000491566611019734,27.4,21084,49897,407,4
"66",1991,66,0.000494795852703592,27.4,21084,49897,407,4
"67",1991,67,0.000580591760901495,27.4,21084,49897,407,4
"68",1991,68,0.000108362991787656,27.4,21084,49897,407,4
"69",1991,69,0.000267050643428854,27.4,21084,49897,407,4
"70",1991,70,0.0000346899808159733,27.4,21084,49897,407,4
"71",1991,71,0.00000756435233388945,27.4,21084,49897,407,4
"72",1991,72,0,27.4,21084,49897,407,4
"73",1991,73,0,27.4,21084,49897,407,4
"74",1991,74,0,27.4,21084,49897,407,4
"75",1991,75,0.00000756435233388945,27.4,21084,49897,407,4
"76",1991,76,0,27.4,21084,49897,407,4
"77",1991,77,0,27.4,21084,49897,407,4
"78",1991,78,0,27.4,21084,49897,407,4
"79",1991,79,0,27.4,21084,49897,407,4
"80",1991,80,0,27.4,21084,49897,407,4
"81",1991,81,0,27.4,21084,49897,407,4
"82",1991,82,0,27.4,21084,49897,407,4
"83",1991,83,0,27.4,21084,49897,407,4
"84",1991,84,0,27.4,21084,49897,407,4
"85",1991,85,0,27.4,21084,49897,407,4
"86",1991,86,0,27.4,21084,49897,407,4
"87",1991,87,0,27.4,21084,49897,407,4
"88",1991,88,0,27.4,21084,49897,407,4
"89",1991,89,0,27.4,21084,49897,407,4
"90",1991,90,0,27.4,21084,49897,407,4
"91",1991,91,0,27.4,21084,49897,407,4
"92",1991,92,0,27.4,21084,49897,407,4
"93",1991,93,0,27.4,21084,49897,407,4
"94",1991,94,0,27.4,21084,49897,407,4
"95",1991,95,0,27.4,21084,49897,407,4
"96",1992,1,0,241.6,36805,45038,390,4
"97",1992,2,0,241.6,36805,45038,390,4
"98",1992,3,0,241.6,36805,45038,390,4
"99",1992,4,0,241.6,36805,45038,390,4
"100",1992,5,0,241.6,36805,45038,390,4
"101",1992,6,0,241.6,36805,45038,390,4
"102",1992,7,0,241.6,36805,45038,390,4
"103",1992,8,0,241.6,36805,45038,390,4
"104",1992,9,0,241.6,36805,45038,390,4
"105",1992,10,0,241.6,36805,45038,390,4
"106",1992,11,0,241.6,36805,45038,390,4
"107",1992,12,0,241.6,36805,45038,390,4
"108",1992,13,0,241.6,36805,45038,390,4
"109",1992,14,0,241.6,36805,45038,390,4
"110",1992,15,0,241.6,36805,45038,390,4
"111",1992,16,0,241.6,36805,45038,390,4
"112",1992,17,0,241.6,36805,45038,390,4
"113",1992,18,0,241.6,36805,45038,390,4
"114",1992,19,0,241.6,36805,45038,390,4
"115",1992,20,0,241.6,36805,45038,390,4
"116",1992,21,0,241.6,36805,45038,390,4
"117",1992,22,0,241.6,36805,45038,390,4
"118",1992,23,0,241.6,36805,45038,390,4
"119",1992,24,0,241.6,36805,45038,390,4
"120",1992,25,0,241.6,36805,45038,390,4
"121",1992,26,0,241.6,36805,45038,390,4
"122",1992,27,0.0000216292417156489,241.6,36805,45038,390,4
"123",1992,28,0,241.6,36805,45038,390,4
"124",1992,29,0,241.6,36805,45038,390,4
"125",1992,30,0.0000384466340591604,241.6,36805,45038,390,4
"126",1992,31,0.000228671226549654,241.6,36805,45038,390,4
"127",1992,32,0.000192515128854616,241.6,36805,45038,390,4
"128",1992,33,0.000912133482794631,241.6,36805,45038,390,4
"129",1992,34,0.000982155731393647,241.6,36805,45038,390,4
"130",1992,35,0.00221040249882497,241.6,36805,45038,390,4
"131",1992,36,0.00246821386663395,241.6,36805,45038,390,4
"132",1992,37,0.00281944436851286,241.6,36805,45038,390,4
"133",1992,38,0.0023683604851468,241.6,36805,45038,390,4
"134",1992,39,0.00197222930986343,241.6,36805,45038,390,4
"135",1992,40,0.00164390351591741,241.6,36805,45038,390,4
"136",1992,41,0.00255170828468678,241.6,36805,45038,390,4
"137",1992,42,0.00365124706316722,241.6,36805,45038,390,4
"138",1992,43,0.00588718850518605,241.6,36805,45038,390,4
"139",1992,44,0.00902136417545975,241.6,36805,45038,390,4
"140",1992,45,0.0166262525545962,241.6,36805,45038,390,4
"141",1992,46,0.0246875809261835,241.6,36805,45038,390,4
"142",1992,47,0.0370655336205429,241.6,36805,45038,390,4
"143",1992,48,0.0638153292484871,241.6,36805,45038,390,4
"144",1992,49,0.0963576715913225,241.6,36805,45038,390,4
"145",1992,50,0.124892563982957,241.6,36805,45038,390,4
"146",1992,51,0.134568770349046,241.6,36805,45038,390,4
"147",1992,52,0.120766712143046,241.6,36805,45038,390,4
"148",1992,53,0.0997191183969137,241.6,36805,45038,390,4
"149",1992,54,0.0728603641025766,241.6,36805,45038,390,4
"150",1992,55,0.0532020256516496,241.6,36805,45038,390,4
"151",1992,56,0.0363543533519609,241.6,36805,45038,390,4
"152",1992,57,0.0249957497138884,241.6,36805,45038,390,4
"153",1992,58,0.0161515962991027,241.6,36805,45038,390,4
"154",1992,59,0.0120726074708955,241.6,36805,45038,390,4
"155",1992,60,0.00935472236817687,241.6,36805,45038,390,4
"156",1992,61,0.00567275327750794,241.6,36805,45038,390,4
"157",1992,62,0.00448586896978228,241.6,36805,45038,390,4
"158",1992,63,0.0025211044468808,241.6,36805,45038,390,4
"159",1992,64,0.00216883298832253,241.6,36805,45038,390,4
"160",1992,65,0.00126346784465082,241.6,36805,45038,390,4
"161",1992,66,0.00100941413119658,241.6,36805,45038,390,4
"162",1992,67,0.00101324719201267,241.6,36805,45038,390,4
"163",1992,68,0.000386849005560231,241.6,36805,45038,390,4
"164",1992,69,0.000287268773307368,241.6,36805,45038,390,4
"165",1992,70,0.000166087603313464,241.6,36805,45038,390,4
"166",1992,71,0.000231929273798124,241.6,36805,45038,390,4
"167",1992,72,0.000194489066032835,241.6,36805,45038,390,4
"168",1992,73,0.0000497893024889387,241.6,36805,45038,390,4
"169",1992,74,0.0000385435325451852,241.6,36805,45038,390,4
"170",1992,75,0,241.6,36805,45038,390,4
"171",1992,76,0.0000244565441371702,241.6,36805,45038,390,4
"172",1992,77,0.0000253327583517685,241.6,36805,45038,390,4
"173",1992,78,0,241.6,36805,45038,390,4
"174",1992,79,0,241.6,36805,45038,390,4
"175",1992,80,0,241.6,36805,45038,390,4
"176",1992,81,0,241.6,36805,45038,390,4
"177",1992,82,0,241.6,36805,45038,390,4
"178",1992,83,0,241.6,36805,45038,390,4
"179",1992,84,0,241.6,36805,45038,390,4
"180",1992,85,0,241.6,36805,45038,390,4
"181",1992,86,0,241.6,36805,45038,390,4
"182",1992,87,0,241.6,36805,45038,390,4
"183",1992,88,0,241.6,36805,45038,390,4
"184",1992,89,0,241.6,36805,45038,390,4
"185",1992,90,0,241.6,36805,45038,390,4
"186",1992,91,0,241.6,36805,45038,390,4
"187",1992,92,0,241.6,36805,45038,390,4
"188",1992,93,0,241.6,36805,45038,390,4
"189",1992,94,0,241.6,36805,45038,390,4
"190",1992,95,0,241.6,36805,45038,390,4
"191",1993,1,0,157.4,26779,48480,428,6
"192",1993,2,0,157.4,26779,48480,428,6
"193",1993,3,0,157.4,26779,48480,428,6
"194",1993,4,0,157.4,26779,48480,428,6
"195",1993,5,0,157.4,26779,48480,428,6
"196",1993,6,0,157.4,26779,48480,428,6
"197",1993,7,0,157.4,26779,48480,428,6
"198",1993,8,0,157.4,26779,48480,428,6
"199",1993,9,0,157.4,26779,48480,428,6
"200",1993,10,0,157.4,26779,48480,428,6
"201",1993,11,0,157.4,26779,48480,428,6
"202",1993,12,0,157.4,26779,48480,428,6
"203",1993,13,0,157.4,26779,48480,428,6
"204",1993,14,0,157.4,26779,48480,428,6
"205",1993,15,0,157.4,26779,48480,428,6
"206",1993,16,0,157.4,26779,48480,428,6
"207",1993,17,0,157.4,26779,48480,428,6
"208",1993,18,0,157.4,26779,48480,428,6
"209",1993,19,0,157.4,26779,48480,428,6
"210",1993,20,0,157.4,26779,48480,428,6
"211",1993,21,0,157.4,26779,48480,428,6
"212",1993,22,0,157.4,26779,48480,428,6
"213",1993,23,0,157.4,26779,48480,428,6
"214",1993,24,0,157.4,26779,48480,428,6
"215",1993,25,0,157.4,26779,48480,428,6
"216",1993,26,0,157.4,26779,48480,428,6
"217",1993,27,0,157.4,26779,48480,428,6
"218",1993,28,0,157.4,26779,48480,428,6
"219",1993,29,0,157.4,26779,48480,428,6
"220",1993,30,0,157.4,26779,48480,428,6
"221",1993,31,0,157.4,26779,48480,428,6
"222",1993,32,0,157.4,26779,48480,428,6
"223",1993,33,0.0000312610051598298,157.4,26779,48480,428,6
"224",1993,34,0.0000417760205669444,157.4,26779,48480,428,6
"225",1993,35,0.0000240570937775242,157.4,26779,48480,428,6
"226",1993,36,0.0000484747047629736,157.4,26779,48480,428,6
"227",1993,37,0.000148153968485524,157.4,26779,48480,428,6
"228",1993,38,0.000476098320693983,157.4,26779,48480,428,6
"229",1993,39,0.00170396007524535,157.4,26779,48480,428,6
"230",1993,40,0.00249832743538227,157.4,26779,48480,428,6
"231",1993,41,0.00381755993358827,157.4,26779,48480,428,6
"232",1993,42,0.00558262131672268,157.4,26779,48480,428,6
"233",1993,43,0.0068171744188486,157.4,26779,48480,428,6
"234",1993,44,0.0095559314339522,157.4,26779,48480,428,6
"235",1993,45,0.0125310204932853,157.4,26779,48480,428,6
"236",1993,46,0.0160155745015758,157.4,26779,48480,428,6
"237",1993,47,0.0259978523183279,157.4,26779,48480,428,6
"238",1993,48,0.0395230091892731,157.4,26779,48480,428,6
"239",1993,49,0.0647514155577457,157.4,26779,48480,428,6
"240",1993,50,0.0952339964419794,157.4,26779,48480,428,6
"241",1993,51,0.123563266731217,157.4,26779,48480,428,6
"242",1993,52,0.133772832229596,157.4,26779,48480,428,6
"243",1993,53,0.128716400562749,157.4,26779,48480,428,6
"244",1993,54,0.100353762563356,157.4,26779,48480,428,6
"245",1993,55,0.0806892611616924,157.4,26779,48480,428,6
"246",1993,56,0.0560887982096561,157.4,26779,48480,428,6
"247",1993,57,0.0374603967000796,157.4,26779,48480,428,6
"248",1993,58,0.0233602877022329,157.4,26779,48480,428,6
"249",1993,59,0.013028244868087,157.4,26779,48480,428,6
"250",1993,60,0.00680912696728998,157.4,26779,48480,428,6
"251",1993,61,0.00462254500509748,157.4,26779,48480,428,6
"252",1993,62,0.00289629485717633,157.4,26779,48480,428,6
"253",1993,63,0.00141452635934694,157.4,26779,48480,428,6
"254",1993,64,0.0011361408531036,157.4,26779,48480,428,6
"255",1993,65,0.000663572248205843,157.4,26779,48480,428,6
"256",1993,66,0.000293680513880736,157.4,26779,48480,428,6
"257",1993,67,0.000107601340847927,157.4,26779,48480,428,6
"258",1993,68,0.000104637130871114,157.4,26779,48480,428,6
"259",1993,69,0.0000759560132732692,157.4,26779,48480,428,6
"260",1993,70,0.0000257371961957223,157.4,26779,48480,428,6
"261",1993,71,0.00000589538500571301,157.4,26779,48480,428,6
"262",1993,72,0.0000127711716660948,157.4,26779,48480,428,6
"263",1993,73,0,157.4,26779,48480,428,6
"264",1993,74,0,157.4,26779,48480,428,6
"265",1993,75,0,157.4,26779,48480,428,6
"266",1993,76,0,157.4,26779,48480,428,6
"267",1993,77,0,157.4,26779,48480,428,6
"268",1993,78,0,157.4,26779,48480,428,6
"269",1993,79,0,157.4,26779,48480,428,6
"270",1993,80,0,157.4,26779,48480,428,6
"271",1993,81,0,157.4,26779,48480,428,6
"272",1993,82,0,157.4,26779,48480,428,6
"273",1993,83,0,157.4,26779,48480,428,6
"274",1993,84,0,157.4,26779,48480,428,6
"275",1993,85,0,157.4,26779,48480,428,6
"276",1993,86,0,157.4,26779,48480,428,6
"277",1993,87,0,157.4,26779,48480,428,6
"278",1993,88,0,157.4,26779,48480,428,6
"279",1993,89,0,157.4,26779,48480,428,6
"280",1993,90,0,157.4,26779,48480,428,6
"281",1993,91,0,157.4,26779,48480,428,6
"282",1993,92,0,157.4,26779,48480,428,6
"283",1993,93,0,157.4,26779,48480,428,6
"284",1993,94,0,157.4,26779,48480,428,6
"285",1993,95,0,157.4,26779,48480,428,6
"286",1994,1,0,951.1,36777,38287,390,5
"287",1994,2,0,951.1,36777,38287,390,5
"288",1994,3,0,951.1,36777,38287,390,5
"289",1994,4,0,951.1,36777,38287,390,5
"290",1994,5,0,951.1,36777,38287,390,5
"291",1994,6,0,951.1,36777,38287,390,5
"292",1994,7,0,951.1,36777,38287,390,5
"293",1994,8,0,951.1,36777,38287,390,5
"294",1994,9,0,951.1,36777,38287,390,5
"295",1994,10,0,951.1,36777,38287,390,5
"296",1994,11,0,951.1,36777,38287,390,5
"297",1994,12,0,951.1,36777,38287,390,5
"298",1994,13,0,951.1,36777,38287,390,5
"299",1994,14,0,951.1,36777,38287,390,5
"300",1994,15,0,951.1,36777,38287,390,5
"301",1994,16,0,951.1,36777,38287,390,5
"302",1994,17,0,951.1,36777,38287,390,5
"303",1994,18,0,951.1,36777,38287,390,5
"304",1994,19,0,951.1,36777,38287,390,5
"305",1994,20,0,951.1,36777,38287,390,5
"306",1994,21,0,951.1,36777,38287,390,5
"307",1994,22,0,951.1,36777,38287,390,5
"308",1994,23,0,951.1,36777,38287,390,5
"309",1994,24,0,951.1,36777,38287,390,5
"310",1994,25,0,951.1,36777,38287,390,5
"311",1994,26,0,951.1,36777,38287,390,5
"312",1994,27,0,951.1,36777,38287,390,5
"313",1994,28,0.0000031209459608427,951.1,36777,38287,390,5
"314",1994,29,0,951.1,36777,38287,390,5
"315",1994,30,0,951.1,36777,38287,390,5
"316",1994,31,0.0000106703246755235,951.1,36777,38287,390,5
"317",1994,32,0,951.1,36777,38287,390,5
"318",1994,33,0,951.1,36777,38287,390,5
"319",1994,34,0,951.1,36777,38287,390,5
"320",1994,35,0,951.1,36777,38287,390,5
"321",1994,36,0.000015362324712337,951.1,36777,38287,390,5
"322",1994,37,0.0000873758814832585,951.1,36777,38287,390,5
"323",1994,38,0.00000921215223537643,951.1,36777,38287,390,5
"324",1994,39,0.000267736500174041,951.1,36777,38287,390,5
"325",1994,40,0.00079403804386068,951.1,36777,38287,390,5
"326",1994,41,0.00264890440982342,951.1,36777,38287,390,5
"327",1994,42,0.0046999780235143,951.1,36777,38287,390,5
"328",1994,43,0.008104562322629,951.1,36777,38287,390,5
"329",1994,44,0.0160601272219521,951.1,36777,38287,390,5
"330",1994,45,0.0259942275036314,951.1,36777,38287,390,5
"331",1994,46,0.027397242850505,951.1,36777,38287,390,5
"332",1994,47,0.0336139255204877,951.1,36777,38287,390,5
"333",1994,48,0.037549368543258,951.1,36777,38287,390,5
"334",1994,49,0.0541992701900226,951.1,36777,38287,390,5
"335",1994,50,0.0809235918178507,951.1,36777,38287,390,5
"336",1994,51,0.103637137849963,951.1,36777,38287,390,5
"337",1994,52,0.121736702363773,951.1,36777,38287,390,5
"338",1994,53,0.121427488687577,951.1,36777,38287,390,5
"339",1994,54,0.109659567230475,951.1,36777,38287,390,5
"340",1994,55,0.0862424002263495,951.1,36777,38287,390,5
"341",1994,56,0.0632081699466691,951.1,36777,38287,390,5
"342",1994,57,0.039608921806426,951.1,36777,38287,390,5
"343",1994,58,0.0225534897987898,951.1,36777,38287,390,5
"344",1994,59,0.0140910927733579,951.1,36777,38287,390,5
"345",1994,60,0.00928684026372782,951.1,36777,38287,390,5
"346",1994,61,0.00630657142621936,951.1,36777,38287,390,5
"347",1994,62,0.00299133829636562,951.1,36777,38287,390,5
"348",1994,63,0.00256293653761548,951.1,36777,38287,390,5
"349",1994,64,0.00152865002778159,951.1,36777,38287,390,5
"350",1994,65,0.00116470277540076,951.1,36777,38287,390,5
"351",1994,66,0.000571155750095214,951.1,36777,38287,390,5
"352",1994,67,0.000365490290847561,951.1,36777,38287,390,5
"353",1994,68,0.000290837968143649,951.1,36777,38287,390,5
"354",1994,69,0.000148339279865325,951.1,36777,38287,390,5
"355",1994,70,0.000197466761089938,951.1,36777,38287,390,5
"356",1994,71,0,951.1,36777,38287,390,5
"357",1994,72,0,951.1,36777,38287,390,5
"358",1994,73,0,951.1,36777,38287,390,5
"359",1994,74,0.0000209926813458175,951.1,36777,38287,390,5
"360",1994,75,0,951.1,36777,38287,390,5
"361",1994,76,0,951.1,36777,38287,390,5
"362",1994,77,0.0000209926813458175,951.1,36777,38287,390,5
"363",1994,78,0,951.1,36777,38287,390,5
"364",1994,79,0,951.1,36777,38287,390,5
"365",1994,80,0,951.1,36777,38287,390,5
"366",1994,81,0,951.1,36777,38287,390,5
"367",1994,82,0,951.1,36777,38287,390,5
"368",1994,83,0,951.1,36777,38287,390,5
"369",1994,84,0,951.1,36777,38287,390,5
"370",1994,85,0,951.1,36777,38287,390,5
"371",1994,86,0,951.1,36777,38287,390,5
"372",1994,87,0,951.1,36777,38287,390,5
"373",1994,88,0,951.1,36777,38287,390,5
"374",1994,89,0,951.1,36777,38287,390,5
"375",1994,90,0,951.1,36777,38287,390,5
"376",1994,91,0,951.1,36777,38287,390,5
"377",1994,92,0,951.1,36777,38287,390,5
"378",1994,93,0,951.1,36777,38287,390,5
"379",1994,94,0,951.1,36777,38287,390,5
"380",1994,95,0,951.1,36777,38287,390,5
"381",1995,1,0,883.8,33555,33735,377,3
"382",1995,2,0,883.8,33555,33735,377,3
"383",1995,3,0,883.8,33555,33735,377,3
"384",1995,4,0,883.8,33555,33735,377,3
"385",1995,5,0,883.8,33555,33735,377,3
"386",1995,6,0,883.8,33555,33735,377,3
"387",1995,7,0,883.8,33555,33735,377,3
"388",1995,8,0,883.8,33555,33735,377,3
"389",1995,9,0,883.8,33555,33735,377,3
"390",1995,10,0,883.8,33555,33735,377,3
"391",1995,11,0,883.8,33555,33735,377,3
"392",1995,12,0,883.8,33555,33735,377,3
"393",1995,13,0,883.8,33555,33735,377,3
"394",1995,14,0,883.8,33555,33735,377,3
"395",1995,15,0,883.8,33555,33735,377,3
"396",1995,16,0,883.8,33555,33735,377,3
"397",1995,17,0,883.8,33555,33735,377,3
"398",1995,18,0,883.8,33555,33735,377,3
"399",1995,19,0,883.8,33555,33735,377,3
"400",1995,20,0,883.8,33555,33735,377,3
"401",1995,21,0,883.8,33555,33735,377,3
"402",1995,22,0,883.8,33555,33735,377,3
"403",1995,23,0,883.8,33555,33735,377,3
"404",1995,24,0,883.8,33555,33735,377,3
"405",1995,25,0,883.8,33555,33735,377,3
"406",1995,26,0,883.8,33555,33735,377,3
"407",1995,27,0,883.8,33555,33735,377,3
"408",1995,28,0,883.8,33555,33735,377,3
"409",1995,29,0,883.8,33555,33735,377,3
"410",1995,30,0,883.8,33555,33735,377,3
"411",1995,31,0.0000222934677007971,883.8,33555,33735,377,3
"412",1995,32,0.0000420886197001862,883.8,33555,33735,377,3
"413",1995,33,0.0000118609957137989,883.8,33555,33735,377,3
"414",1995,34,0.0000561181596002482,883.8,33555,33735,377,3
"415",1995,35,0.000241967758722913,883.8,33555,33735,377,3
"416",1995,36,0.000540637260729141,883.8,33555,33735,377,3
"417",1995,37,0.000835621372945548,883.8,33555,33735,377,3
"418",1995,38,0.00135829490937399,883.8,33555,33735,377,3
"419",1995,39,0.00238027482746896,883.8,33555,33735,377,3
"420",1995,40,0.00360863964088911,883.8,33555,33735,377,3
"421",1995,41,0.0030137138450893,883.8,33555,33735,377,3
"422",1995,42,0.00384260511058656,883.8,33555,33735,377,3
"423",1995,43,0.00571493743159372,883.8,33555,33735,377,3
"424",1995,44,0.00778245710337347,883.8,33555,33735,377,3
"425",1995,45,0.0114252078068224,883.8,33555,33735,377,3
"426",1995,46,0.0180239609786479,883.8,33555,33735,377,3
"427",1995,47,0.0258819513158011,883.8,33555,33735,377,3
"428",1995,48,0.0367210475168411,883.8,33555,33735,377,3
"429",1995,49,0.0470789670191759,883.8,33555,33735,377,3
"430",1995,50,0.0574592001209411,883.8,33555,33735,377,3
"431",1995,51,0.0721937082903347,883.8,33555,33735,377,3
"432",1995,52,0.0847152994658661,883.8,33555,33735,377,3
"433",1995,53,0.0964936127626796,883.8,33555,33735,377,3
"434",1995,54,0.0988281619828421,883.8,33555,33735,377,3
"435",1995,55,0.10062650919943,883.8,33555,33735,377,3
"436",1995,56,0.0865448201950968,883.8,33555,33735,377,3
"437",1995,57,0.0719622283638208,883.8,33555,33735,377,3
"438",1995,58,0.0551003417580616,883.8,33555,33735,377,3
"439",1995,59,0.0406404956019083,883.8,33555,33735,377,3
"440",1995,60,0.0285281326397911,883.8,33555,33735,377,3
"441",1995,61,0.0176324295059733,883.8,33555,33735,377,3
"442",1995,62,0.00907238764366449,883.8,33555,33735,377,3
"443",1995,63,0.00573917617568493,883.8,33555,33735,377,3
"444",1995,64,0.00290139731138241,883.8,33555,33735,377,3
"445",1995,65,0.00133932635223902,883.8,33555,33735,377,3
"446",1995,66,0.000648682952231651,883.8,33555,33735,377,3
"447",1995,67,0.000447657340787904,883.8,33555,33735,377,3
"448",1995,68,0.000209542524071019,883.8,33555,33735,377,3
"449",1995,69,0.000178213560447357,883.8,33555,33735,377,3
"450",1995,70,0.0000761418053629057,883.8,33555,33735,377,3
"451",1995,71,0,883.8,33555,33735,377,3
"452",1995,72,0.00000771098974970682,883.8,33555,33735,377,3
"453",1995,73,0.0000721783168568881,883.8,33555,33735,377,3
"454",1995,74,0,883.8,33555,33735,377,3
"455",1995,75,0,883.8,33555,33735,377,3
"456",1995,76,0,883.8,33555,33735,377,3
"457",1995,77,0,883.8,33555,33735,377,3
"458",1995,78,0,883.8,33555,33735,377,3
"459",1995,79,0,883.8,33555,33735,377,3
"460",1995,80,0,883.8,33555,33735,377,3
"461",1995,81,0,883.8,33555,33735,377,3
"462",1995,82,0,883.8,33555,33735,377,3
"463",1995,83,0,883.8,33555,33735,377,3
"464",1995,84,0,883.8,33555,33735,377,3
"465",1995,85,0,883.8,33555,33735,377,3
"466",1995,86,0,883.8,33555,33735,377,3
"467",1995,87,0,883.8,33555,33735,377,3
"468",1995,88,0,883.8,33555,33735,377,3
"469",1995,89,0,883.8,33555,33735,377,3
"470",1995,90,0,883.8,33555,33735,377,3
"471",1995,91,0,883.8,33555,33735,377,3
"472",1995,92,0,883.8,33555,33735,377,3
"473",1995,93,0,883.8,33555,33735,377,3
"474",1995,94,0,883.8,33555,33735,377,3
"475",1995,95,0,883.8,33555,33735,377,3
"476",1996,1,0,61.3,16659,18474,189,3
"477",1996,2,0,61.3,16659,18474,189,3
"478",1996,3,0,61.3,16659,18474,189,3
"479",1996,4,0,61.3,16659,18474,189,3
"480",1996,5,0,61.3,16659,18474,189,3
"481",1996,6,0,61.3,16659,18474,189,3
"482",1996,7,0,61.3,16659,18474,189,3
"483",1996,8,0,61.3,16659,18474,189,3
"484",1996,9,0,61.3,16659,18474,189,3
"485",1996,10,0,61.3,16659,18474,189,3
"486",1996,11,0,61.3,16659,18474,189,3
"487",1996,12,0,61.3,16659,18474,189,3
"488",1996,13,0,61.3,16659,18474,189,3
"489",1996,14,0,61.3,16659,18474,189,3
"490",1996,15,0,61.3,16659,18474,189,3
"491",1996,16,0,61.3,16659,18474,189,3
"492",1996,17,0,61.3,16659,18474,189,3
"493",1996,18,0,61.3,16659,18474,189,3
"494",1996,19,0,61.3,16659,18474,189,3
"495",1996,20,0,61.3,16659,18474,189,3
"496",1996,21,0,61.3,16659,18474,189,3
"497",1996,22,0,61.3,16659,18474,189,3
"498",1996,23,0,61.3,16659,18474,189,3
"499",1996,24,0,61.3,16659,18474,189,3
"500",1996,25,0,61.3,16659,18474,189,3
"501",1996,26,0,61.3,16659,18474,189,3
"502",1996,27,0,61.3,16659,18474,189,3
"503",1996,28,0,61.3,16659,18474,189,3
"504",1996,29,0,61.3,16659,18474,189,3
"505",1996,30,0,61.3,16659,18474,189,3
"506",1996,31,0,61.3,16659,18474,189,3
"507",1996,32,0,61.3,16659,18474,189,3
"508",1996,33,0,61.3,16659,18474,189,3
"509",1996,34,0.0000179818555175035,61.3,16659,18474,189,3
"510",1996,35,0.000292373378409162,61.3,16659,18474,189,3
"511",1996,36,0.00119270666736146,61.3,16659,18474,189,3
"512",1996,37,0.00190536850968956,61.3,16659,18474,189,3
"513",1996,38,0.00291480951688908,61.3,16659,18474,189,3
"514",1996,39,0.0039403663049121,61.3,16659,18474,189,3
"515",1996,40,0.00480406650217459,61.3,16659,18474,189,3
"516",1996,41,0.0045016403390498,61.3,16659,18474,189,3
"517",1996,42,0.00507729788865593,61.3,16659,18474,189,3
"518",1996,43,0.00663258260908679,61.3,16659,18474,189,3
"519",1996,44,0.0110536872022074,61.3,16659,18474,189,3
"520",1996,45,0.0133619181988667,61.3,16659,18474,189,3
"521",1996,46,0.0177134826005416,61.3,16659,18474,189,3
"522",1996,47,0.0239790566844005,61.3,16659,18474,189,3
"523",1996,48,0.0328830538418985,61.3,16659,18474,189,3
"524",1996,49,0.0443854225890561,61.3,16659,18474,189,3
"525",1996,50,0.0571561132442657,61.3,16659,18474,189,3
"526",1996,51,0.0813875561316322,61.3,16659,18474,189,3
"527",1996,52,0.088691821957345,61.3,16659,18474,189,3
"528",1996,53,0.104229304184985,61.3,16659,18474,189,3
"529",1996,54,0.109452227986822,61.3,16659,18474,189,3
"530",1996,55,0.0952259855377262,61.3,16659,18474,189,3
"531",1996,56,0.0798702687143071,61.3,16659,18474,189,3
"532",1996,57,0.0657501211595216,61.3,16659,18474,189,3
"533",1996,58,0.0482580129565094,61.3,16659,18474,189,3
"534",1996,59,0.0358711456529887,61.3,16659,18474,189,3
"535",1996,60,0.0265530598187352,61.3,16659,18474,189,3
"536",1996,61,0.0164870767287158,61.3,16659,18474,189,3
"537",1996,62,0.0094415503166468,61.3,16659,18474,189,3
"538",1996,63,0.00337781355822064,61.3,16659,18474,189,3
"539",1996,64,0.00158283773555633,61.3,16659,18474,189,3
"540",1996,65,0.000871155397924378,61.3,16659,18474,189,3
"541",1996,66,0.000673244163061145,61.3,16659,18474,189,3
"542",1996,67,0.000207783404804565,61.3,16659,18474,189,3
"543",1996,68,0.0000125631117737715,61.3,16659,18474,189,3
"544",1996,69,0.0000616473642708039,61.3,16659,18474,189,3
"545",1996,70,0.000165852647153571,61.3,16659,18474,189,3
"546",1996,71,0.0000170435383169037,61.3,16659,18474,189,3
"547",1996,72,0,61.3,16659,18474,189,3
"548",1996,73,0,61.3,16659,18474,189,3
"549",1996,74,0,61.3,16659,18474,189,3
"550",1996,75,0,61.3,16659,18474,189,3
"551",1996,76,0,61.3,16659,18474,189,3
"552",1996,77,0,61.3,16659,18474,189,3
"553",1996,78,0,61.3,16659,18474,189,3
"554",1996,79,0,61.3,16659,18474,189,3
"555",1996,80,0,61.3,16659,18474,189,3
"556",1996,81,0,61.3,16659,18474,189,3
"557",1996,82,0,61.3,16659,18474,189,3
"558",1996,83,0,61.3,16659,18474,189,3
"559",1996,84,0,61.3,16659,18474,189,3
"560",1996,85,0,61.3,16659,18474,189,3
"561",1996,86,0,61.3,16659,18474,189,3
"562",1996,87,0,61.3,16659,18474,189,3
"563",1996,88,0,61.3,16659,18474,189,3
"564",1996,89,0,61.3,16659,18474,189,3
"565",1996,90,0,61.3,16659,18474,189,3
"566",1996,91,0,61.3,16659,18474,189,3
"567",1996,92,0,61.3,16659,18474,189,3
"568",1996,93,0,61.3,16659,18474,189,3
"569",1996,94,0,61.3,16659,18474,189,3
"570",1996,95,0,61.3,16659,18474,189,3
"571",1997,1,0,409.5,17008,17572,189,3
"572",1997,2,0,409.5,17008,17572,189,3
"573",1997,3,0,409.5,17008,17572,189,3
"574",1997,4,0,409.5,17008,17572,189,3
"575",1997,5,0,409.5,17008,17572,189,3
"576",1997,6,0,409.5,17008,17572,189,3
"577",1997,7,0,409.5,17008,17572,189,3
"578",1997,8,0,409.5,17008,17572,189,3
"579",1997,9,0,409.5,17008,17572,189,3
"580",1997,10,0,409.5,17008,17572,189,3
"581",1997,11,0,409.5,17008,17572,189,3
"582",1997,12,0,409.5,17008,17572,189,3
"583",1997,13,0,409.5,17008,17572,189,3
"584",1997,14,0,409.5,17008,17572,189,3
"585",1997,15,0,409.5,17008,17572,189,3
"586",1997,16,0,409.5,17008,17572,189,3
"587",1997,17,0,409.5,17008,17572,189,3
"588",1997,18,0,409.5,17008,17572,189,3
"589",1997,19,0,409.5,17008,17572,189,3
"590",1997,20,0,409.5,17008,17572,189,3
"591",1997,21,0,409.5,17008,17572,189,3
"592",1997,22,0,409.5,17008,17572,189,3
"593",1997,23,0,409.5,17008,17572,189,3
"594",1997,24,0,409.5,17008,17572,189,3
"595",1997,25,0,409.5,17008,17572,189,3
"596",1997,26,0,409.5,17008,17572,189,3
"597",1997,27,0.0000428991369736882,409.5,17008,17572,189,3
"598",1997,28,0,409.5,17008,17572,189,3
"599",1997,29,0,409.5,17008,17572,189,3
"600",1997,30,0.00013448237356754,409.5,17008,17572,189,3
"601",1997,31,0.0000107859456137655,409.5,17008,17572,189,3
"602",1997,32,0.000014736370956394,409.5,17008,17572,189,3
"603",1997,33,0.00000927069105509782,409.5,17008,17572,189,3
"604",1997,34,0.0000181256466436152,409.5,17008,17572,189,3
"605",1997,35,0.000430693964617436,409.5,17008,17572,189,3
"606",1997,36,0.00039526322138346,409.5,17008,17572,189,3
"607",1997,37,0.000358692135269683,409.5,17008,17572,189,3
"608",1997,38,0.00197416929006655,409.5,17008,17572,189,3
"609",1997,39,0.00258956491528945,409.5,17008,17572,189,3
"610",1997,40,0.00465172632191608,409.5,17008,17572,189,3
"611",1997,41,0.00799342572839629,409.5,17008,17572,189,3
"612",1997,42,0.010646458981618,409.5,17008,17572,189,3
"613",1997,43,0.0198767176533311,409.5,17008,17572,189,3
"614",1997,44,0.0276579247427158,409.5,17008,17572,189,3
"615",1997,45,0.0355276579095407,409.5,17008,17572,189,3
"616",1997,46,0.0350806397227418,409.5,17008,17572,189,3
"617",1997,47,0.0442547876722655,409.5,17008,17572,189,3
"618",1997,48,0.0480523769005682,409.5,17008,17572,189,3
"619",1997,49,0.0458105321321148,409.5,17008,17572,189,3
"620",1997,50,0.0443028534785336,409.5,17008,17572,189,3
"621",1997,51,0.0466227723521742,409.5,17008,17572,189,3
"622",1997,52,0.0534342408850957,409.5,17008,17572,189,3
"623",1997,53,0.0664122534653535,409.5,17008,17572,189,3
"624",1997,54,0.0738488973917024,409.5,17008,17572,189,3
"625",1997,55,0.071474521062245,409.5,17008,17572,189,3
"626",1997,56,0.0894315275744087,409.5,17008,17572,189,3
"627",1997,57,0.0679276215094359,409.5,17008,17572,189,3
"628",1997,58,0.0572581547688967,409.5,17008,17572,189,3
"629",1997,59,0.0467693192990693,409.5,17008,17572,189,3
"630",1997,60,0.0355249539393677,409.5,17008,17572,189,3
"631",1997,61,0.0262113245651926,409.5,17008,17572,189,3
"632",1997,62,0.0140856653830123,409.5,17008,17572,189,3
"633",1997,63,0.00829663645699194,409.5,17008,17572,189,3
"634",1997,64,0.00670315898328477,409.5,17008,17572,189,3
"635",1997,65,0.00391866482719084,409.5,17008,17572,189,3
"636",1997,66,0.00113888667746521,409.5,17008,17572,189,3
"637",1997,67,0.000112356283228799,409.5,17008,17572,189,3
"638",1997,68,0.000376693632891749,409.5,17008,17572,189,3
"639",1997,69,0.00022038011512318,409.5,17008,17572,189,3
"640",1997,70,0.000297009790119205,409.5,17008,17572,189,3
"641",1997,71,0,409.5,17008,17572,189,3
"642",1997,72,0,409.5,17008,17572,189,3
"643",1997,73,0.000101176102571888,409.5,17008,17572,189,3
"644",1997,74,0,409.5,17008,17572,189,3
"645",1997,75,0,409.5,17008,17572,189,3
"646",1997,76,0,409.5,17008,17572,189,3
"647",1997,77,0,409.5,17008,17572,189,3
"648",1997,78,0,409.5,17008,17572,189,3
"649",1997,79,0,409.5,17008,17572,189,3
"650",1997,80,0,409.5,17008,17572,189,3
"651",1997,81,0,409.5,17008,17572,189,3
"652",1997,82,0,409.5,17008,17572,189,3
"653",1997,83,0,409.5,17008,17572,189,3
"654",1997,84,0,409.5,17008,17572,189,3
"655",1997,85,0,409.5,17008,17572,189,3
"656",1997,86,0,409.5,17008,17572,189,3
"657",1997,87,0,409.5,17008,17572,189,3
"658",1997,88,0,409.5,17008,17572,189,3
"659",1997,89,0,409.5,17008,17572,189,3
"660",1997,90,0,409.5,17008,17572,189,3
"661",1997,91,0,409.5,17008,17572,189,3
"662",1997,92,0,409.5,17008,17572,189,3
"663",1997,93,0,409.5,17008,17572,189,3
"664",1997,94,0,409.5,17008,17572,189,3
"665",1997,95,0,409.5,17008,17572,189,3
"666",1998,1,0,96.3,4492,10509,123,4
"667",1998,2,0,96.3,4492,10509,123,4
"668",1998,3,0,96.3,4492,10509,123,4
"669",1998,4,0,96.3,4492,10509,123,4
"670",1998,5,0,96.3,4492,10509,123,4
"671",1998,6,0,96.3,4492,10509,123,4
"672",1998,7,0,96.3,4492,10509,123,4
"673",1998,8,0,96.3,4492,10509,123,4
"674",1998,9,0,96.3,4492,10509,123,4
"675",1998,10,0,96.3,4492,10509,123,4
"676",1998,11,0,96.3,4492,10509,123,4
"677",1998,12,0,96.3,4492,10509,123,4
"678",1998,13,0,96.3,4492,10509,123,4
"679",1998,14,0,96.3,4492,10509,123,4
"680",1998,15,0,96.3,4492,10509,123,4
"681",1998,16,0,96.3,4492,10509,123,4
"682",1998,17,0,96.3,4492,10509,123,4
"683",1998,18,0,96.3,4492,10509,123,4
"684",1998,19,0,96.3,4492,10509,123,4
"685",1998,20,0.0000311766163373676,96.3,4492,10509,123,4
"686",1998,21,0,96.3,4492,10509,123,4
"687",1998,22,0,96.3,4492,10509,123,4
"688",1998,23,0,96.3,4492,10509,123,4
"689",1998,24,0,96.3,4492,10509,123,4
"690",1998,25,0,96.3,4492,10509,123,4
"691",1998,26,0,96.3,4492,10509,123,4
"692",1998,27,0,96.3,4492,10509,123,4
"693",1998,28,0,96.3,4492,10509,123,4
"694",1998,29,0,96.3,4492,10509,123,4
"695",1998,30,0,96.3,4492,10509,123,4
"696",1998,31,0,96.3,4492,10509,123,4
"697",1998,32,0.000119884652299913,96.3,4492,10509,123,4
"698",1998,33,0.00016737325253981,96.3,4492,10509,123,4
"699",1998,34,0.000373496315022033,96.3,4492,10509,123,4
"700",1998,35,0.000706998349057531,96.3,4492,10509,123,4
"701",1998,36,0.00175347252624844,96.3,4492,10509,123,4
"702",1998,37,0.00325702513899157,96.3,4492,10509,123,4
"703",1998,38,0.0035750971368754,96.3,4492,10509,123,4
"704",1998,39,0.00471883776965112,96.3,4492,10509,123,4
"705",1998,40,0.00493506508479997,96.3,4492,10509,123,4
"706",1998,41,0.00751397371371517,96.3,4492,10509,123,4
"707",1998,42,0.0218548268619516,96.3,4492,10509,123,4
"708",1998,43,0.0366987117488166,96.3,4492,10509,123,4
"709",1998,44,0.058998756107924,96.3,4492,10509,123,4
"710",1998,45,0.061527212423403,96.3,4492,10509,123,4
"711",1998,46,0.063323476035424,96.3,4492,10509,123,4
"712",1998,47,0.0441978737176516,96.3,4492,10509,123,4
"713",1998,48,0.0473761665919004,96.3,4492,10509,123,4
"714",1998,49,0.041743341200814,96.3,4492,10509,123,4
"715",1998,50,0.0466245881514114,96.3,4492,10509,123,4
"716",1998,51,0.0583573558062319,96.3,4492,10509,123,4
"717",1998,52,0.0635258896142684,96.3,4492,10509,123,4
"718",1998,53,0.0708795656826429,96.3,4492,10509,123,4
"719",1998,54,0.0726735919746095,96.3,4492,10509,123,4
"720",1998,55,0.0678296203032977,96.3,4492,10509,123,4
"721",1998,56,0.0569330471123655,96.3,4492,10509,123,4
"722",1998,57,0.0441868753564351,96.3,4492,10509,123,4
"723",1998,58,0.0372824688858516,96.3,4492,10509,123,4
"724",1998,59,0.025683222089935,96.3,4492,10509,123,4
"725",1998,60,0.0201355868448927,96.3,4492,10509,123,4
"726",1998,61,0.0136552172204519,96.3,4492,10509,123,4
"727",1998,62,0.00907886777152189,96.3,4492,10509,123,4
"728",1998,63,0.00524886843299412,96.3,4492,10509,123,4
"729",1998,64,0.00331867188720207,96.3,4492,10509,123,4
"730",1998,65,0.000424129409383305,96.3,4492,10509,123,4
"731",1998,66,0.00081187110070394,96.3,4492,10509,123,4
"732",1998,67,0.000434511012907799,96.3,4492,10509,123,4
"733",1998,68,0.0000432860994693133,96.3,4492,10509,123,4
"734",1998,69,0,96.3,4492,10509,123,4
"735",1998,70,0,96.3,4492,10509,123,4
"736",1998,71,0,96.3,4492,10509,123,4
"737",1998,72,0,96.3,4492,10509,123,4
"738",1998,73,0,96.3,4492,10509,123,4
"739",1998,74,0,96.3,4492,10509,123,4
"740",1998,75,0,96.3,4492,10509,123,4
"741",1998,76,0,96.3,4492,10509,123,4
"742",1998,77,0,96.3,4492,10509,123,4
"743",1998,78,0,96.3,4492,10509,123,4
"744",1998,79,0,96.3,4492,10509,123,4
"745",1998,80,0,96.3,4492,10509,123,4
"746",1998,81,0,96.3,4492,10509,123,4
"747",1998,82,0,96.3,4492,10509,123,4
"748",1998,83,0,96.3,4492,10509,123,4
"749",1998,84,0,96.3,4492,10509,123,4
"750",1998,85,0,96.3,4492,10509,123,4
"751",1998,86,0,96.3,4492,10509,123,4
"752",1998,87,0,96.3,4492,10509,123,4
"753",1998,88,0,96.3,4492,10509,123,4
"754",1998,89,0,96.3,4492,10509,123,4
"755",1998,90,0,96.3,4492,10509,123,4
"756",1998,91,0,96.3,4492,10509,123,4
"757",1998,92,0,96.3,4492,10509,123,4
"758",1998,93,0,96.3,4492,10509,123,4
"759",1998,94,0,96.3,4492,10509,123,4
"760",1998,95,0,96.3,4492,10509,123,4
"761",2000,1,0,8.3,37,148,7,2
"762",2000,2,0,8.3,37,148,7,2
"763",2000,3,0,8.3,37,148,7,2
"764",2000,4,0,8.3,37,148,7,2
"765",2000,5,0,8.3,37,148,7,2
"766",2000,6,0,8.3,37,148,7,2
"767",2000,7,0,8.3,37,148,7,2
"768",2000,8,0,8.3,37,148,7,2
"769",2000,9,0,8.3,37,148,7,2
"770",2000,10,0,8.3,37,148,7,2
"771",2000,11,0,8.3,37,148,7,2
"772",2000,12,0,8.3,37,148,7,2
"773",2000,13,0,8.3,37,148,7,2
"774",2000,14,0,8.3,37,148,7,2
"775",2000,15,0,8.3,37,148,7,2
"776",2000,16,0,8.3,37,148,7,2
"777",2000,17,0,8.3,37,148,7,2
"778",2000,18,0,8.3,37,148,7,2
"779",2000,19,0,8.3,37,148,7,2
"780",2000,20,0,8.3,37,148,7,2
"781",2000,21,0,8.3,37,148,7,2
"782",2000,22,0,8.3,37,148,7,2
"783",2000,23,0,8.3,37,148,7,2
"784",2000,24,0,8.3,37,148,7,2
"785",2000,25,0,8.3,37,148,7,2
"786",2000,26,0,8.3,37,148,7,2
"787",2000,27,0,8.3,37,148,7,2
"788",2000,28,0,8.3,37,148,7,2
"789",2000,29,0,8.3,37,148,7,2
"790",2000,30,0,8.3,37,148,7,2
"791",2000,31,0,8.3,37,148,7,2
"792",2000,32,0,8.3,37,148,7,2
"793",2000,33,0,8.3,37,148,7,2
"794",2000,34,0,8.3,37,148,7,2
"795",2000,35,0,8.3,37,148,7,2
"796",2000,36,0,8.3,37,148,7,2
"797",2000,37,0,8.3,37,148,7,2
"798",2000,38,0,8.3,37,148,7,2
"799",2000,39,0,8.3,37,148,7,2
"800",2000,40,0,8.3,37,148,7,2
"801",2000,41,0.000352242550897986,8.3,37,148,7,2
"802",2000,42,0,8.3,37,148,7,2
"803",2000,43,0.000352242550897986,8.3,37,148,7,2
"804",2000,44,0.000704485101795972,8.3,37,148,7,2
"805",2000,45,0.000704485101795972,8.3,37,148,7,2
"806",2000,46,0.00785059468533771,8.3,37,148,7,2
"807",2000,47,0.0372862287915937,8.3,37,148,7,2
"808",2000,48,0.0198439833844567,8.3,37,148,7,2
"809",2000,49,0.0331684815089738,8.3,37,148,7,2
"810",2000,50,0.0523098251804068,8.3,37,148,7,2
"811",2000,51,0.0530113563616685,8.3,37,148,7,2
"812",2000,52,0.0410216821371136,8.3,37,148,7,2
"813",2000,53,0.0550167568706625,8.3,37,148,7,2
"814",2000,54,0.0217056941504988,8.3,37,148,7,2
"815",2000,55,0.044362436879631,8.3,37,148,7,2
"816",2000,56,0.0513237494987971,8.3,37,148,7,2
"817",2000,57,0.0957134264760939,8.3,37,148,7,2
"818",2000,58,0.100167232047168,8.3,37,148,7,2
"819",2000,59,0.0529521857135587,8.3,37,148,7,2
"820",2000,60,0.0528542835663586,8.3,37,148,7,2
"821",2000,61,0.0426688084819592,8.3,37,148,7,2
"822",2000,62,0.0659498684744573,8.3,37,148,7,2
"823",2000,63,0.0585715342877501,8.3,37,148,7,2
"824",2000,64,0.0185080408742823,8.3,37,148,7,2
"825",2000,65,0.0320078301742793,8.3,37,148,7,2
"826",2000,66,0.0408447206832455,8.3,37,148,7,2
"827",2000,67,0.0120669945907375,8.3,37,148,7,2
"828",2000,68,0.000879129416977806,8.3,37,148,7,2
"829",2000,69,0.00573713937994979,8.3,37,148,7,2
"830",2000,70,0.00206456107865372,8.3,37,148,7,2
"831",2000,71,0,8.3,37,148,7,2
"832",2000,72,0,8.3,37,148,7,2
"833",2000,73,0,8.3,37,148,7,2
"834",2000,74,0,8.3,37,148,7,2
"835",2000,75,0,8.3,37,148,7,2
"836",2000,76,0,8.3,37,148,7,2
"837",2000,77,0,8.3,37,148,7,2
"838",2000,78,0,8.3,37,148,7,2
"839",2000,79,0,8.3,37,148,7,2
"840",2000,80,0,8.3,37,148,7,2
"841",2000,81,0,8.3,37,148,7,2
"842",2000,82,0,8.3,37,148,7,2
"843",2000,83,0,8.3,37,148,7,2
"844",2000,84,0,8.3,37,148,7,2
"845",2000,85,0,8.3,37,148,7,2
"846",2000,86,0,8.3,37,148,7,2
"847",2000,87,0,8.3,37,148,7,2
"848",2000,88,0,8.3,37,148,7,2
"849",2000,89,0,8.3,37,148,7,2
"850",2000,90,0,8.3,37,148,7,2
"851",2000,91,0,8.3,37,148,7,2
"852",2000,92,0,8.3,37,148,7,2
"853",2000,93,0,8.3,37,148,7,2
"854",2000,94,0,8.3,37,148,7,2
"855",2000,95,0,8.3,37,148,7,2
"856",2013,1,0,127.2,699,930,42,7
"857",2013,2,0,127.2,699,930,42,7
"858",2013,3,0,127.2,699,930,42,7
"859",2013,4,0,127.2,699,930,42,7
"860",2013,5,0,127.2,699,930,42,7
"861",2013,6,0,127.2,699,930,42,7
"862",2013,7,0,127.2,699,930,42,7
"863",2013,8,0,127.2,699,930,42,7
"864",2013,9,0,127.2,699,930,42,7
"865",2013,10,0,127.2,699,930,42,7
"866",2013,11,0,127.2,699,930,42,7
"867",2013,12,0,127.2,699,930,42,7
"868",2013,13,0,127.2,699,930,42,7
"869",2013,14,0,127.2,699,930,42,7
"870",2013,15,0,127.2,699,930,42,7
"871",2013,16,0,127.2,699,930,42,7
"872",2013,17,0,127.2,699,930,42,7
"873",2013,18,0,127.2,699,930,42,7
"874",2013,19,0,127.2,699,930,42,7
"875",2013,20,0,127.2,699,930,42,7
"876",2013,21,0,127.2,699,930,42,7
"877",2013,22,0,127.2,699,930,42,7
"878",2013,23,0,127.2,699,930,42,7
"879",2013,24,0,127.2,699,930,42,7
"880",2013,25,0,127.2,699,930,42,7
"881",2013,26,0,127.2,699,930,42,7
"882",2013,27,0,127.2,699,930,42,7
"883",2013,28,0.000260083166860836,127.2,699,930,42,7
"884",2013,29,0,127.2,699,930,42,7
"885",2013,30,0,127.2,699,930,42,7
"886",2013,31,0,127.2,699,930,42,7
"887",2013,32,0,127.2,699,930,42,7
"888",2013,33,0,127.2,699,930,42,7
"889",2013,34,0,127.2,699,930,42,7
"890",2013,35,0,127.2,699,930,42,7
"891",2013,36,0,127.2,699,930,42,7
"892",2013,37,0,127.2,699,930,42,7
"893",2013,38,0,127.2,699,930,42,7
"894",2013,39,0,127.2,699,930,42,7
"895",2013,40,0,127.2,699,930,42,7
"896",2013,41,0,127.2,699,930,42,7
"897",2013,42,0,127.2,699,930,42,7
"898",2013,43,0,127.2,699,930,42,7
"899",2013,44,0,127.2,699,930,42,7
"900",2013,45,0,127.2,699,930,42,7
"901",2013,46,0.000732573406275166,127.2,699,930,42,7
"902",2013,47,0.00180428920434961,127.2,699,930,42,7
"903",2013,48,0.00804613593001541,127.2,699,930,42,7
"904",2013,49,0.00711024495481093,127.2,699,930,42,7
"905",2013,50,0.0145310825441809,127.2,699,930,42,7
"906",2013,51,0.0455198623226312,127.2,699,930,42,7
"907",2013,52,0.0377345689869231,127.2,699,930,42,7
"908",2013,53,0.0398028717994212,127.2,699,930,42,7
"909",2013,54,0.0622014609280524,127.2,699,930,42,7
"910",2013,55,0.0498717834325748,127.2,699,930,42,7
"911",2013,56,0.0496490361613373,127.2,699,930,42,7
"912",2013,57,0.0846918624649828,127.2,699,930,42,7
"913",2013,58,0.0673450858217468,127.2,699,930,42,7
"914",2013,59,0.0689405183605198,127.2,699,930,42,7
"915",2013,60,0.0626947679448839,127.2,699,930,42,7
"916",2013,61,0.0544450446556967,127.2,699,930,42,7
"917",2013,62,0.0562902191069354,127.2,699,930,42,7
"918",2013,63,0.0453807864469552,127.2,699,930,42,7
"919",2013,64,0.0527622675266913,127.2,699,930,42,7
"920",2013,65,0.0603493833124281,127.2,699,930,42,7
"921",2013,66,0.0353217986409435,127.2,699,930,42,7
"922",2013,67,0.0291960199235885,127.2,699,930,42,7
"923",2013,68,0.0187486366978748,127.2,699,930,42,7
"924",2013,69,0.022940911478994,127.2,699,930,42,7
"925",2013,70,0.0105086080134197,127.2,699,930,42,7
"926",2013,71,0.00489433248432493,127.2,699,930,42,7
"927",2013,72,0.00249282440631871,127.2,699,930,42,7
"928",2013,73,0.00258787326173651,127.2,699,930,42,7
"929",2013,74,0.00236612496780079,127.2,699,930,42,7
"930",2013,75,0.000512827149373769,127.2,699,930,42,7
"931",2013,76,0,127.2,699,930,42,7
"932",2013,77,0,127.2,699,930,42,7
"933",2013,78,0,127.2,699,930,42,7
"934",2013,79,0,127.2,699,930,42,7
"935",2013,80,0,127.2,699,930,42,7
"936",2013,81,0.0000359875629419916,127.2,699,930,42,7
"937",2013,82,0,127.2,699,930,42,7
"938",2013,83,0,127.2,699,930,42,7
"939",2013,84,0,127.2,699,930,42,7
"940",2013,85,0,127.2,699,930,42,7
"941",2013,86,0,127.2,699,930,42,7
"942",2013,87,0,127.2,699,930,42,7
"943",2013,88,0,127.2,699,930,42,7
"944",2013,89,0,127.2,699,930,42,7
"945",2013,90,0,127.2,699,930,42,7
"946",2013,91,0,127.2,699,930,42,7
"947",2013,92,0,127.2,699,930,42,7
"948",2013,93,0,127.2,699,930,42,7
"949",2013,94,0,127.2,699,930,42,7
"950",2013,95,0.000230126934410178,127.2,699,930,42,7
"951",2014,1,0,209.3,310,510,25,4
"952",2014,2,0,209.3,310,510,25,4
"953",2014,3,0,209.3,310,510,25,4
"954",2014,4,0,209.3,310,510,25,4
"955",2014,5,0,209.3,310,510,25,4
"956",2014,6,0,209.3,310,510,25,4
"957",2014,7,0,209.3,310,510,25,4
"958",2014,8,0,209.3,310,510,25,4
"959",2014,9,0,209.3,310,510,25,4
"960",2014,10,0,209.3,310,510,25,4
"961",2014,11,0,209.3,310,510,25,4
"962",2014,12,0,209.3,310,510,25,4
"963",2014,13,0,209.3,310,510,25,4
"964",2014,14,0,209.3,310,510,25,4
"965",2014,15,0,209.3,310,510,25,4
"966",2014,16,0,209.3,310,510,25,4
"967",2014,17,0,209.3,310,510,25,4
"968",2014,18,0,209.3,310,510,25,4
"969",2014,19,0,209.3,310,510,25,4
"970",2014,20,0,209.3,310,510,25,4
"971",2014,21,0,209.3,310,510,25,4
"972",2014,22,0,209.3,310,510,25,4
"973",2014,23,0,209.3,310,510,25,4
"974",2014,24,0,209.3,310,510,25,4
"975",2014,25,0,209.3,310,510,25,4
"976",2014,26,0,209.3,310,510,25,4
"977",2014,27,0,209.3,310,510,25,4
"978",2014,28,0,209.3,310,510,25,4
"979",2014,29,0,209.3,310,510,25,4
"980",2014,30,0,209.3,310,510,25,4
"981",2014,31,0,209.3,310,510,25,4
"982",2014,32,0,209.3,310,510,25,4
"983",2014,33,0,209.3,310,510,25,4
"984",2014,34,0,209.3,310,510,25,4
"985",2014,35,0,209.3,310,510,25,4
"986",2014,36,0,209.3,310,510,25,4
"987",2014,37,0,209.3,310,510,25,4
"988",2014,38,0,209.3,310,510,25,4
"989",2014,39,0,209.3,310,510,25,4
"990",2014,40,0.000653843719881977,209.3,310,510,25,4
"991",2014,41,0.00179194076699786,209.3,310,510,25,4
"992",2014,42,0.00399394786750042,209.3,310,510,25,4
"993",2014,43,0.00540436219794761,209.3,310,510,25,4
"994",2014,44,0.0040153340376005,209.3,310,510,25,4
"995",2014,45,0.0261045931276388,209.3,310,510,25,4
"996",2014,46,0.0291984767946239,209.3,310,510,25,4
"997",2014,47,0.0200484723402581,209.3,310,510,25,4
"998",2014,48,0.0343004301461939,209.3,310,510,25,4
"999",2014,49,0.0304388467275858,209.3,310,510,25,4
"1000",2014,50,0.0227263461423848,209.3,310,510,25,4
"1001",2014,51,0.0286885046118155,209.3,310,510,25,4
"1002",2014,52,0.0167672820109169,209.3,310,510,25,4
"1003",2014,53,0.0396350827219566,209.3,310,510,25,4
"1004",2014,54,0.0246353876544462,209.3,310,510,25,4
"1005",2014,55,0.0436699336940748,209.3,310,510,25,4
"1006",2014,56,0.0499766171192583,209.3,310,510,25,4
"1007",2014,57,0.0161644182504841,209.3,310,510,25,4
"1008",2014,58,0.0817905960592179,209.3,310,510,25,4
"1009",2014,59,0.0922467838448328,209.3,310,510,25,4
"1010",2014,60,0.0794612089319961,209.3,310,510,25,4
"1011",2014,61,0.0468840065865059,209.3,310,510,25,4
"1012",2014,62,0.0657680186790116,209.3,310,510,25,4
"1013",2014,63,0.0666014898968764,209.3,310,510,25,4
"1014",2014,64,0.0370025697005015,209.3,310,510,25,4
"1015",2014,65,0.0280841758838884,209.3,310,510,25,4
"1016",2014,66,0.0409280816140866,209.3,310,510,25,4
"1017",2014,67,0.0139419321478046,209.3,310,510,25,4
"1018",2014,68,0.00928919332747598,209.3,310,510,25,4
"1019",2014,69,0.0190958436517825,209.3,310,510,25,4
"1020",2014,70,0.00313557066448871,209.3,310,510,25,4
"1021",2014,71,0.0063202872917675,209.3,310,510,25,4
"1022",2014,72,0.0111460355180872,209.3,310,510,25,4
"1023",2014,73,0,209.3,310,510,25,4
"1024",2014,74,0.0000451931350549111,209.3,310,510,25,4
"1025",2014,75,0,209.3,310,510,25,4
"1026",2014,76,0.0000451931350549111,209.3,310,510,25,4
"1027",2014,77,0,209.3,310,510,25,4
"1028",2014,78,0,209.3,310,510,25,4
"1029",2014,79,0,209.3,310,510,25,4
"1030",2014,80,0,209.3,310,510,25,4
"1031",2014,81,0,209.3,310,510,25,4
"1032",2014,82,0,209.3,310,510,25,4
"1033",2014,83,0,209.3,310,510,25,4
"1034",2014,84,0,209.3,310,510,25,4
"1035",2014,85,0,209.3,310,510,25,4
"1036",2014,86,0,209.3,310,510,25,4
"1037",2014,87,0,209.3,310,510,25,4
"1038",2014,88,0,209.3,310,510,25,4
"1039",2014,89,0,209.3,310,510,25,4
"1040",2014,90,0,209.3,310,510,25,4
"1041",2014,91,0,209.3,310,510,25,4
"1042",2014,92,0,209.3,310,510,25,4
"1043",2014,93,0,209.3,310,510,25,4
"1044",2014,94,0,209.3,310,510,25,4
"1045",2014,95,0,209.3,310,510,25,4
"1046",2015,1,0,25,155,792,30,4
"1047",2015,2,0,25,155,792,30,4
"1048",2015,3,0,25,155,792,30,4
"1049",2015,4,0,25,155,792,30,4
"1050",2015,5,0,25,155,792,30,4
"1051",2015,6,0,25,155,792,30,4
"1052",2015,7,0,25,155,792,30,4
"1053",2015,8,0,25,155,792,30,4
"1054",2015,9,0,25,155,792,30,4
"1055",2015,10,0,25,155,792,30,4
"1056",2015,11,0,25,155,792,30,4
"1057",2015,12,0,25,155,792,30,4
"1058",2015,13,0,25,155,792,30,4
"1059",2015,14,0,25,155,792,30,4
"1060",2015,15,0,25,155,792,30,4
"1061",2015,16,0,25,155,792,30,4
"1062",2015,17,0,25,155,792,30,4
"1063",2015,18,0,25,155,792,30,4
"1064",2015,19,0,25,155,792,30,4
"1065",2015,20,0,25,155,792,30,4
"1066",2015,21,0,25,155,792,30,4
"1067",2015,22,0,25,155,792,30,4
"1068",2015,23,0,25,155,792,30,4
"1069",2015,24,0,25,155,792,30,4
"1070",2015,25,0,25,155,792,30,4
"1071",2015,26,0,25,155,792,30,4
"1072",2015,27,0,25,155,792,30,4
"1073",2015,28,0,25,155,792,30,4
"1074",2015,29,0,25,155,792,30,4
"1075",2015,30,0,25,155,792,30,4
"1076",2015,31,0,25,155,792,30,4
"1077",2015,32,0,25,155,792,30,4
"1078",2015,33,0,25,155,792,30,4
"1079",2015,34,0,25,155,792,30,4
"1080",2015,35,0,25,155,792,30,4
"1081",2015,36,0,25,155,792,30,4
"1082",2015,37,0,25,155,792,30,4
"1083",2015,38,0,25,155,792,30,4
"1084",2015,39,0.000558922743903943,25,155,792,30,4
"1085",2015,40,0,25,155,792,30,4
"1086",2015,41,0.00477803719423251,25,155,792,30,4
"1087",2015,42,0.000128027167171723,25,155,792,30,4
"1088",2015,43,0.0030692810265174,25,155,792,30,4
"1089",2015,44,0.0208214801580425,25,155,792,30,4
"1090",2015,45,0.0320546125389733,25,155,792,30,4
"1091",2015,46,0.0373948038048936,25,155,792,30,4
"1092",2015,47,0.0253658781703609,25,155,792,30,4
"1093",2015,48,0.0562812478730505,25,155,792,30,4
"1094",2015,49,0.043790736358971,25,155,792,30,4
"1095",2015,50,0.0663313041236498,25,155,792,30,4
"1096",2015,51,0.0377950010520466,25,155,792,30,4
"1097",2015,52,0.0513714498342722,25,155,792,30,4
"1098",2015,53,0.0350727453573416,25,155,792,30,4
"1099",2015,54,0.0464914574769769,25,155,792,30,4
"1100",2015,55,0.0598015884589647,25,155,792,30,4
"1101",2015,56,0.0499410240521346,25,155,792,30,4
"1102",2015,57,0.034294567415316,25,155,792,30,4
"1103",2015,58,0.0361100166137837,25,155,792,30,4
"1104",2015,59,0.0459962621360076,25,155,792,30,4
"1105",2015,60,0.0429777647806765,25,155,792,30,4
"1106",2015,61,0.048042655349478,25,155,792,30,4
"1107",2015,62,0.0362017450254647,25,155,792,30,4
"1108",2015,63,0.0317580104822375,25,155,792,30,4
"1109",2015,64,0.0325297568483824,25,155,792,30,4
"1110",2015,65,0.0343118295014725,25,155,792,30,4
"1111",2015,66,0.0236095766098573,25,155,792,30,4
"1112",2015,67,0.0157757603054049,25,155,792,30,4
"1113",2015,68,0.0161734302319239,25,155,792,30,4
"1114",2015,69,0.0132757631605843,25,155,792,30,4
"1115",2015,70,0.00960173977563852,25,155,792,30,4
"1116",2015,71,0.00266985191955357,25,155,792,30,4
"1117",2015,72,0,25,155,792,30,4
"1118",2015,73,0.00331189803414575,25,155,792,30,4
"1119",2015,74,0.000558922743903943,25,155,792,30,4
"1120",2015,75,0.000876425837332349,25,155,792,30,4
"1121",2015,76,0.000876425837332349,25,155,792,30,4
"1122",2015,77,0,25,155,792,30,4
"1123",2015,78,0,25,155,792,30,4
"1124",2015,79,0,25,155,792,30,4
"1125",2015,80,0,25,155,792,30,4
"1126",2015,81,0,25,155,792,30,4
"1127",2015,82,0,25,155,792,30,4
"1128",2015,83,0,25,155,792,30,4
"1129",2015,84,0,25,155,792,30,4
"1130",2015,85,0,25,155,792,30,4
"1131",2015,86,0,25,155,792,30,4
"1132",2015,87,0,25,155,792,30,4
"1133",2015,88,0,25,155,792,30,4
"1134",2015,89,0,25,155,792,30,4
"1135",2015,90,0,25,155,792,30,4
"1136",2015,91,0,25,155,792,30,4
"1137",2015,92,0,25,155,792,30,4
"1138",2015,93,0,25,155,792,30,4
"1139",2015,94,0,25,155,792,30,4
"1140",2015,95,0,25,155,792,30,4
"1141",2017,1,0,17.5,197,295,7,4
"1142",2017,2,0,17.5,197,295,7,4
"1143",2017,3,0,17.5,197,295,7,4
"1144",2017,4,0,17.5,197,295,7,4
"1145",2017,5,0,17.5,197,295,7,4
"1146",2017,6,0,17.5,197,295,7,4
"1147",2017,7,0,17.5,197,295,7,4
"1148",2017,8,0,17.5,197,295,7,4
"1149",2017,9,0,17.5,197,295,7,4
"1150",2017,10,0,17.5,197,295,7,4
"1151",2017,11,0,17.5,197,295,7,4
"1152",2017,12,0,17.5,197,295,7,4
"1153",2017,13,0,17.5,197,295,7,4
"1154",2017,14,0,17.5,197,295,7,4
"1155",2017,15,0,17.5,197,295,7,4
"1156",2017,16,0,17.5,197,295,7,4
"1157",2017,17,0,17.5,197,295,7,4
"1158",2017,18,0,17.5,197,295,7,4
"1159",2017,19,0,17.5,197,295,7,4
"1160",2017,20,0,17.5,197,295,7,4
"1161",2017,21,0,17.5,197,295,7,4
"1162",2017,22,0,17.5,197,295,7,4
"1163",2017,23,0,17.5,197,295,7,4
"1164",2017,24,0,17.5,197,295,7,4
"1165",2017,25,0,17.5,197,295,7,4
"1166",2017,26,0,17.5,197,295,7,4
"1167",2017,27,0,17.5,197,295,7,4
"1168",2017,28,0,17.5,197,295,7,4
"1169",2017,29,0,17.5,197,295,7,4
"1170",2017,30,0,17.5,197,295,7,4
"1171",2017,31,0,17.5,197,295,7,4
"1172",2017,32,0,17.5,197,295,7,4
"1173",2017,33,0,17.5,197,295,7,4
"1174",2017,34,0,17.5,197,295,7,4
"1175",2017,35,0,17.5,197,295,7,4
"1176",2017,36,0,17.5,197,295,7,4
"1177",2017,37,0,17.5,197,295,7,4
"1178",2017,38,0.000773564147211778,17.5,197,295,7,4
"1179",2017,39,0,17.5,197,295,7,4
"1180",2017,40,0.00187925760090177,17.5,197,295,7,4
"1181",2017,41,0.00570691627291972,17.5,197,295,7,4
"1182",2017,42,0.01969838069496,17.5,197,295,7,4
"1183",2017,43,0.057391107307556,17.5,197,295,7,4
"1184",2017,44,0.0665315701958094,17.5,197,295,7,4
"1185",2017,45,0.0924576267397044,17.5,197,295,7,4
"1186",2017,46,0.0898132432689952,17.5,197,295,7,4
"1187",2017,47,0.0805841668770663,17.5,197,295,7,4
"1188",2017,48,0.116402605057315,17.5,197,295,7,4
"1189",2017,49,0.0957257617306223,17.5,197,295,7,4
"1190",2017,50,0.0993188368077594,17.5,197,295,7,4
"1191",2017,51,0.0347451385075598,17.5,197,295,7,4
"1192",2017,52,0.0682167636090251,17.5,197,295,7,4
"1193",2017,53,0.0317200253889271,17.5,197,295,7,4
"1194",2017,54,0.0115543849046992,17.5,197,295,7,4
"1195",2017,55,0.00825418109843803,17.5,197,295,7,4
"1196",2017,56,0.0273154440502322,17.5,197,295,7,4
"1197",2017,57,0.00762827935178708,17.5,197,295,7,4
"1198",2017,58,0.00965139854235515,17.5,197,295,7,4
"1199",2017,59,0.0154517668865054,17.5,197,295,7,4
"1200",2017,60,0.0145636851085259,17.5,197,295,7,4
"1201",2017,61,0.00620999348919092,17.5,197,295,7,4
"1202",2017,62,0.00621843176659532,17.5,197,295,7,4
"1203",2017,63,0.00939628800450887,17.5,197,295,7,4
"1204",2017,64,0.00187925760090177,17.5,197,295,7,4
"1205",2017,65,0.0058778641827127,17.5,197,295,7,4
"1206",2017,66,0.00563777280270532,17.5,197,295,7,4
"1207",2017,67,0,17.5,197,295,7,4
"1208",2017,68,0.00563777280270532,17.5,197,295,7,4
"1209",2017,69,0,17.5,197,295,7,4
"1210",2017,70,0.00187925760090177,17.5,197,295,7,4
"1211",2017,71,0,17.5,197,295,7,4
"1212",2017,72,0,17.5,197,295,7,4
"1213",2017,73,0,17.5,197,295,7,4
"1214",2017,74,0.00187925760090177,17.5,197,295,7,4
"1215",2017,75,0,17.5,197,295,7,4
"1216",2017,76,0,17.5,197,295,7,4
"1217",2017,77,0,17.5,197,295,7,4
"1218",2017,78,0,17.5,197,295,7,4
"1219",2017,79,0,17.5,197,295,7,4
"1220",2017,80,0,17.5,197,295,7,4
"1221",2017,81,0,17.5,197,295,7,4
"1222",2017,82,0,17.5,197,295,7,4
"1223",2017,83,0,17.5,197,295,7,4
"1224",2017,84,0,17.5,197,295,7,4
"1225",2017,85,0,17.5,197,295,7,4
"1226",2017,86,0,17.5,197,295,7,4
"1227",2017,87,0,17.5,197,295,7,4
"1228",2017,88,0,17.5,197,295,7,4
"1229",2017,89,0,17.5,197,295,7,4
"1230",2017,90,0,17.5,197,295,7,4
"1231",2017,91,0,17.5,197,295,7,4
"1232",2017,92,0,17.5,197,295,7,4
"1233",2017,93,0,17.5,197,295,7,4
"1234",2017,94,0,17.5,197,295,7,4
"1235",2017,95,0,17.5,197,295,7,4
"1236",2018,1,0,31.3,609,914,20,6
"1237",2018,2,0,31.3,609,914,20,6
"1238",2018,3,0,31.3,609,914,20,6
"1239",2018,4,0,31.3,609,914,20,6
"1240",2018,5,0,31.3,609,914,20,6
"1241",2018,6,0,31.3,609,914,20,6
"1242",2018,7,0,31.3,609,914,20,6
"1243",2018,8,0,31.3,609,914,20,6
"1244",2018,9,0,31.3,609,914,20,6
"1245",2018,10,0,31.3,609,914,20,6
"1246",2018,11,0,31.3,609,914,20,6
"1247",2018,12,0,31.3,609,914,20,6
"1248",2018,13,0,31.3,609,914,20,6
"1249",2018,14,0,31.3,609,914,20,6
"1250",2018,15,0,31.3,609,914,20,6
"1251",2018,16,0,31.3,609,914,20,6
"1252",2018,17,0,31.3,609,914,20,6
"1253",2018,18,0,31.3,609,914,20,6
"1254",2018,19,0,31.3,609,914,20,6
"1255",2018,20,0,31.3,609,914,20,6
"1256",2018,21,0,31.3,609,914,20,6
"1257",2018,22,0,31.3,609,914,20,6
"1258",2018,23,0,31.3,609,914,20,6
"1259",2018,24,0,31.3,609,914,20,6
"1260",2018,25,0,31.3,609,914,20,6
"1261",2018,26,0,31.3,609,914,20,6
"1262",2018,27,0,31.3,609,914,20,6
"1263",2018,28,0,31.3,609,914,20,6
"1264",2018,29,0,31.3,609,914,20,6
"1265",2018,30,0,31.3,609,914,20,6
"1266",2018,31,0,31.3,609,914,20,6
"1267",2018,32,0,31.3,609,914,20,6
"1268",2018,33,0,31.3,609,914,20,6
"1269",2018,34,0,31.3,609,914,20,6
"1270",2018,35,0,31.3,609,914,20,6
"1271",2018,36,0,31.3,609,914,20,6
"1272",2018,37,0,31.3,609,914,20,6
"1273",2018,38,0,31.3,609,914,20,6
"1274",2018,39,0,31.3,609,914,20,6
"1275",2018,40,0,31.3,609,914,20,6
"1276",2018,41,0,31.3,609,914,20,6
"1277",2018,42,0.00386789171765336,31.3,609,914,20,6
"1278",2018,43,0.000317176104369959,31.3,609,914,20,6
"1279",2018,44,0.0223227693439213,31.3,609,914,20,6
"1280",2018,45,0.0185826385536087,31.3,609,914,20,6
"1281",2018,46,0.0399058821814221,31.3,609,914,20,6
"1282",2018,47,0.0740151823344998,31.3,609,914,20,6
"1283",2018,48,0.0329268646693724,31.3,609,914,20,6
"1284",2018,49,0.0521244404551801,31.3,609,914,20,6
"1285",2018,50,0.102970108603526,31.3,609,914,20,6
"1286",2018,51,0.0868637818350434,31.3,609,914,20,6
"1287",2018,52,0.0407957302023685,31.3,609,914,20,6
"1288",2018,53,0.113028410291422,31.3,609,914,20,6
"1289",2018,54,0.0621007807867827,31.3,609,914,20,6
"1290",2018,55,0.0483449680331521,31.3,609,914,20,6
"1291",2018,56,0.0373232578022147,31.3,609,914,20,6
"1292",2018,57,0.0162520665684485,31.3,609,914,20,6
"1293",2018,58,0.052962608456619,31.3,609,914,20,6
"1294",2018,59,0.0321033338995898,31.3,609,914,20,6
"1295",2018,60,0.0334068050336076,31.3,609,914,20,6
"1296",2018,61,0.0216413396562776,31.3,609,914,20,6
"1297",2018,62,0.0188739929640873,31.3,609,914,20,6
"1298",2018,63,0.0240340637486152,31.3,609,914,20,6
"1299",2018,64,0.0142557419774058,31.3,609,914,20,6
"1300",2018,65,0.022276778274708,31.3,609,914,20,6
"1301",2018,66,0.00606471848363417,31.3,609,914,20,6
"1302",2018,67,0.00472838430036831,31.3,609,914,20,6
"1303",2018,68,0.0075000002918935,31.3,609,914,20,6
"1304",2018,69,0.00192599027930842,31.3,609,914,20,6
"1305",2018,70,0.00509751976992233,31.3,609,914,20,6
"1306",2018,71,0.000942291717399839,31.3,609,914,20,6
"1307",2018,72,0.00122224083178894,31.3,609,914,20,6
"1308",2018,73,0,31.3,609,914,20,6
"1309",2018,74,0,31.3,609,914,20,6
"1310",2018,75,0.00122224083178894,31.3,609,914,20,6
"1311",2018,76,0,31.3,609,914,20,6
"1312",2018,77,0,31.3,609,914,20,6
"1313",2018,78,0,31.3,609,914,20,6
"1314",2018,79,0,31.3,609,914,20,6
"1315",2018,80,0,31.3,609,914,20,6
"1316",2018,81,0,31.3,609,914,20,6
"1317",2018,82,0,31.3,609,914,20,6
"1318",2018,83,0,31.3,609,914,20,6
"1319",2018,84,0,31.3,609,914,20,6
"1320",2018,85,0,31.3,609,914,20,6
"1321",2018,86,0,31.3,609,914,20,6
"1322",2018,87,0,31.3,609,914,20,6
"1323",2018,88,0,31.3,609,914,20,6
"1324",2018,89,0,31.3,609,914,20,6
"1325",2018,90,0,31.3,609,914,20,6
"1326",2018,91,0,31.3,609,914,20,6
"1327",2018,92,0,31.3,609,914,20,6
"1328",2018,93,0,31.3,609,914,20,6
"1329",2018,94,0,31.3,609,914,20,6
"1330",2018,95,0,31.3,609,914,20,6
"1331",2019,1,0,92,503,659,22,6
"1332",2019,2,0,92,503,659,22,6
"1333",2019,3,0,92,503,659,22,6
"1334",2019,4,0,92,503,659,22,6
"1335",2019,5,0,92,503,659,22,6
"1336",2019,6,0,92,503,659,22,6
"1337",2019,7,0,92,503,659,22,6
"1338",2019,8,0,92,503,659,22,6
"1339",2019,9,0,92,503,659,22,6
"1340",2019,10,0,92,503,659,22,6
"1341",2019,11,0,92,503,659,22,6
"1342",2019,12,0,92,503,659,22,6
"1343",2019,13,0,92,503,659,22,6
"1344",2019,14,0,92,503,659,22,6
"1345",2019,15,0,92,503,659,22,6
"1346",2019,16,0,92,503,659,22,6
"1347",2019,17,0,92,503,659,22,6
"1348",2019,18,0,92,503,659,22,6
"1349",2019,19,0,92,503,659,22,6
"1350",2019,20,0,92,503,659,22,6
"1351",2019,21,0,92,503,659,22,6
"1352",2019,22,0,92,503,659,22,6
"1353",2019,23,0,92,503,659,22,6
"1354",2019,24,0,92,503,659,22,6
"1355",2019,25,0,92,503,659,22,6
"1356",2019,26,0,92,503,659,22,6
"1357",2019,27,0,92,503,659,22,6
"1358",2019,28,0,92,503,659,22,6
"1359",2019,29,0,92,503,659,22,6
"1360",2019,30,0,92,503,659,22,6
"1361",2019,31,0,92,503,659,22,6
"1362",2019,32,0,92,503,659,22,6
"1363",2019,33,0,92,503,659,22,6
"1364",2019,34,0,92,503,659,22,6
"1365",2019,35,0.0598384993691527,92,503,659,22,6
"1366",2019,36,0,92,503,659,22,6
"1367",2019,37,0.13794840955895,92,503,659,22,6
"1368",2019,38,0.0459828031863165,92,503,659,22,6
"1369",2019,39,0,92,503,659,22,6
"1370",2019,40,0,92,503,659,22,6
"1371",2019,41,0,92,503,659,22,6
"1372",2019,42,0,92,503,659,22,6
"1373",2019,43,0.000870865635405323,92,503,659,22,6
"1374",2019,44,0.00290039704790694,92,503,659,22,6
"1375",2019,45,0.0129265293075033,92,503,659,22,6
"1376",2019,46,0.0048899952912626,92,503,659,22,6
"1377",2019,47,0.0709680780458463,92,503,659,22,6
"1378",2019,48,0.0478796541661805,92,503,659,22,6
"1379",2019,49,0.0472066054494497,92,503,659,22,6
"1380",2019,50,0.0635598082111205,92,503,659,22,6
"1381",2019,51,0.066277318834194,92,503,659,22,6
"1382",2019,52,0.0334851950432411,92,503,659,22,6
"1383",2019,53,0.0780847049650427,92,503,659,22,6
"1384",2019,54,0.081496006025845,92,503,659,22,6
"1385",2019,55,0.0504983563487693,92,503,659,22,6
"1386",2019,56,0.0524492867618105,92,503,659,22,6
"1387",2019,57,0.0418545314396201,92,503,659,22,6
"1388",2019,58,0.00885771618312406,92,503,659,22,6
"1389",2019,59,0.0167771192036224,92,503,659,22,6
"1390",2019,60,0.0257101726102093,92,503,659,22,6
"1391",2019,61,0.0173965810681525,92,503,659,22,6
"1392",2019,62,0.00792335544093166,92,503,659,22,6
"1393",2019,63,0.00686884979810551,92,503,659,22,6
"1394",2019,64,0.0130560886182853,92,503,659,22,6
"1395",2019,65,0.00131784303591518,92,503,659,22,6
"1396",2019,66,0.000932442022557534,92,503,659,22,6
"1397",2019,67,0.000384179558936665,92,503,659,22,6
"1398",2019,68,0.000275162966111821,92,503,659,22,6
"1399",2019,69,0.000340098245264339,92,503,659,22,6
"1400",2019,70,0.0000649352791525175,92,503,659,22,6
"1401",2019,71,0.000489205641007366,92,503,659,22,6
"1402",2019,72,0.000489205641007366,92,503,659,22,6
"1403",2019,73,0,92,503,659,22,6
"1404",2019,74,0,92,503,659,22,6
"1405",2019,75,0,92,503,659,22,6
"1406",2019,76,0,92,503,659,22,6
"1407",2019,77,0,92,503,659,22,6
"1408",2019,78,0,92,503,659,22,6
"1409",2019,79,0,92,503,659,22,6
"1410",2019,80,0,92,503,659,22,6
"1411",2019,81,0,92,503,659,22,6
"1412",2019,82,0,92,503,659,22,6
"1413",2019,83,0,92,503,659,22,6
"1414",2019,84,0,92,503,659,22,6
"1415",2019,85,0,92,503,659,22,6
"1416",2019,86,0,92,503,659,22,6
"1417",2019,87,0,92,503,659,22,6
"1418",2019,88,0,92,503,659,22,6
"1419",2019,89,0,92,503,659,22,6
"1420",2019,90,0,92,503,659,22,6
"1421",2019,91,0,92,503,659,22,6
"1422",2019,92,0,92,503,659,22,6
"1423",2019,93,0,92,503,659,22,6
"1424",2019,94,0,92,503,659,22,6
"1425",2019,95,0,92,503,659,22,6
"1426",2020,1,0,113.1,1865,2737,83,8
"1427",2020,2,0,113.1,1865,2737,83,8
"1428",2020,3,0,113.1,1865,2737,83,8
"1429",2020,4,0,113.1,1865,2737,83,8
"1430",2020,5,0,113.1,1865,2737,83,8
"1431",2020,6,0,113.1,1865,2737,83,8
"1432",2020,7,0,113.1,1865,2737,83,8
"1433",2020,8,0,113.1,1865,2737,83,8
"1434",2020,9,0,113.1,1865,2737,83,8
"1435",2020,10,0,113.1,1865,2737,83,8
"1436",2020,11,0,113.1,1865,2737,83,8
"1437",2020,12,0,113.1,1865,2737,83,8
"1438",2020,13,0,113.1,1865,2737,83,8
"1439",2020,14,0,113.1,1865,2737,83,8
"1440",2020,15,0,113.1,1865,2737,83,8
"1441",2020,16,0,113.1,1865,2737,83,8
"1442",2020,17,0,113.1,1865,2737,83,8
"1443",2020,18,0,113.1,1865,2737,83,8
"1444",2020,19,0,113.1,1865,2737,83,8
"1445",2020,20,0,113.1,1865,2737,83,8
"1446",2020,21,0,113.1,1865,2737,83,8
"1447",2020,22,0,113.1,1865,2737,83,8
"1448",2020,23,0,113.1,1865,2737,83,8
"1449",2020,24,0,113.1,1865,2737,83,8
"1450",2020,25,0,113.1,1865,2737,83,8
"1451",2020,26,0,113.1,1865,2737,83,8
"1452",2020,27,0.000314915240865635,113.1,1865,2737,83,8
"1453",2020,28,0,113.1,1865,2737,83,8
"1454",2020,29,0,113.1,1865,2737,83,8
"1455",2020,30,0.000020977385277425,113.1,1865,2737,83,8
"1456",2020,31,0,113.1,1865,2737,83,8
"1457",2020,32,0.000136492260956941,113.1,1865,2737,83,8
"1458",2020,33,0.000136492260956941,113.1,1865,2737,83,8
"1459",2020,34,0.00000454862562834533,113.1,1865,2737,83,8
"1460",2020,35,0.0000813515642797316,113.1,1865,2737,83,8
"1461",2020,36,0.000215270908094203,113.1,1865,2737,83,8
"1462",2020,37,0.000138766573771113,113.1,1865,2737,83,8
"1463",2020,38,0.00205125740400983,113.1,1865,2737,83,8
"1464",2020,39,0.00237022222491001,113.1,1865,2737,83,8
"1465",2020,40,0.00634622313133565,113.1,1865,2737,83,8
"1466",2020,41,0.0167358221545983,113.1,1865,2737,83,8
"1467",2020,42,0.00782276841450041,113.1,1865,2737,83,8
"1468",2020,43,0.0153168849481811,113.1,1865,2737,83,8
"1469",2020,44,0.0157065901027325,113.1,1865,2737,83,8
"1470",2020,45,0.0202696035408476,113.1,1865,2737,83,8
"1471",2020,46,0.0104103518283951,113.1,1865,2737,83,8
"1472",2020,47,0.0294875623731952,113.1,1865,2737,83,8
"1473",2020,48,0.0408318029163658,113.1,1865,2737,83,8
"1474",2020,49,0.0276823947385206,113.1,1865,2737,83,8
"1475",2020,50,0.0693941344097088,113.1,1865,2737,83,8
"1476",2020,51,0.0694881417276307,113.1,1865,2737,83,8
"1477",2020,52,0.0958111010938935,113.1,1865,2737,83,8
"1478",2020,53,0.0687607950773907,113.1,1865,2737,83,8
"1479",2020,54,0.0794747827765308,113.1,1865,2737,83,8
"1480",2020,55,0.0749810074165772,113.1,1865,2737,83,8
"1481",2020,56,0.0671674710418857,113.1,1865,2737,83,8
"1482",2020,57,0.0563767152364688,113.1,1865,2737,83,8
"1483",2020,58,0.0412013606175721,113.1,1865,2737,83,8
"1484",2020,59,0.0420502237730572,113.1,1865,2737,83,8
"1485",2020,60,0.0282279859380431,113.1,1865,2737,83,8
"1486",2020,61,0.0311591687576401,113.1,1865,2737,83,8
"1487",2020,62,0.022312631375002,113.1,1865,2737,83,8
"1488",2020,63,0.0159014719879721,113.1,1865,2737,83,8
"1489",2020,64,0.0136229559803955,113.1,1865,2737,83,8
"1490",2020,65,0.0109248109937703,113.1,1865,2737,83,8
"1491",2020,66,0.00401697425901529,113.1,1865,2737,83,8
"1492",2020,67,0.00379961219415946,113.1,1865,2737,83,8
"1493",2020,68,0.00242296843138418,113.1,1865,2737,83,8
"1494",2020,69,0.00205964300496864,113.1,1865,2737,83,8
"1495",2020,70,0.00232652337361391,113.1,1865,2737,83,8
"1496",2020,71,0.00138878327321871,113.1,1865,2737,83,8
"1497",2020,72,0.00091127805858892,113.1,1865,2737,83,8
"1498",2020,73,0,113.1,1865,2737,83,8
"1499",2020,74,0.000139160604089858,113.1,1865,2737,83,8
"1500",2020,75,0,113.1,1865,2737,83,8
"1501",2020,76,0,113.1,1865,2737,83,8
"1502",2020,77,0,113.1,1865,2737,83,8
"1503",2020,78,0,113.1,1865,2737,83,8
"1504",2020,79,0,113.1,1865,2737,83,8
"1505",2020,80,0,113.1,1865,2737,83,8
"1506",2020,81,0,113.1,1865,2737,83,8
"1507",2020,82,0,113.1,1865,2737,83,8
"1508",2020,83,0,113.1,1865,2737,83,8
"1509",2020,84,0,113.1,1865,2737,83,8
"1510",2020,85,0,113.1,1865,2737,83,8
"1511",2020,86,0,113.1,1865,2737,83,8
"1512",2020,87,0,113.1,1865,2737,83,8
"1513",2020,88,0,113.1,1865,2737,83,8
"1514",2020,89,0,113.1,1865,2737,83,8
"1515",2020,90,0,113.1,1865,2737,83,8
"1516",2020,91,0,113.1,1865,2737,83,8
"1517",2020,92,0,113.1,1865,2737,83,8
"1518",2020,93,0,113.1,1865,2737,83,8
"1519",2020,94,0,113.1,1865,2737,83,8
"1520",2020,95,0,113.1,1865,2737,83,8
"1521",2021,1,0,360.4,1561,1697,44,5
"1522",2021,2,0,360.4,1561,1697,44,5
"1523",2021,3,0,360.4,1561,1697,44,5
"1524",2021,4,0,360.4,1561,1697,44,5
"1525",2021,5,0,360.4,1561,1697,44,5
"1526",2021,6,0,360.4,1561,1697,44,5
"1527",2021,7,0,360.4,1561,1697,44,5
"1528",2021,8,0,360.4,1561,1697,44,5
"1529",2021,9,0,360.4,1561,1697,44,5
"1530",2021,10,0,360.4,1561,1697,44,5
"1531",2021,11,0,360.4,1561,1697,44,5
"1532",2021,12,0,360.4,1561,1697,44,5
"1533",2021,13,0,360.4,1561,1697,44,5
"1534",2021,14,0,360.4,1561,1697,44,5
"1535",2021,15,0,360.4,1561,1697,44,5
"1536",2021,16,0,360.4,1561,1697,44,5
"1537",2021,17,0,360.4,1561,1697,44,5
"1538",2021,18,0,360.4,1561,1697,44,5
"1539",2021,19,0,360.4,1561,1697,44,5
"1540",2021,20,0,360.4,1561,1697,44,5
"1541",2021,21,0,360.4,1561,1697,44,5
"1542",2021,22,0,360.4,1561,1697,44,5
"1543",2021,23,0,360.4,1561,1697,44,5
"1544",2021,24,0,360.4,1561,1697,44,5
"1545",2021,25,0,360.4,1561,1697,44,5
"1546",2021,26,0,360.4,1561,1697,44,5
"1547",2021,27,0,360.4,1561,1697,44,5
"1548",2021,28,0,360.4,1561,1697,44,5
"1549",2021,29,0,360.4,1561,1697,44,5
"1550",2021,30,0,360.4,1561,1697,44,5
"1551",2021,31,0,360.4,1561,1697,44,5
"1552",2021,32,0,360.4,1561,1697,44,5
"1553",2021,33,0,360.4,1561,1697,44,5
"1554",2021,34,0,360.4,1561,1697,44,5
"1555",2021,35,0,360.4,1561,1697,44,5
"1556",2021,36,0,360.4,1561,1697,44,5
"1557",2021,37,0,360.4,1561,1697,44,5
"1558",2021,38,0,360.4,1561,1697,44,5
"1559",2021,39,0.00219000585701448,360.4,1561,1697,44,5
"1560",2021,40,0.00219000585701448,360.4,1561,1697,44,5
"1561",2021,41,0.00275685475999791,360.4,1561,1697,44,5
"1562",2021,42,0.00299101617251283,360.4,1561,1697,44,5
"1563",2021,43,0.00796380517655432,360.4,1561,1697,44,5
"1564",2021,44,0.00288612857394564,360.4,1561,1697,44,5
"1565",2021,45,0.00439311150903757,360.4,1561,1697,44,5
"1566",2021,46,0.033116442467119,360.4,1561,1697,44,5
"1567",2021,47,0.0115793786652377,360.4,1561,1697,44,5
"1568",2021,48,0.0224147454755725,360.4,1561,1697,44,5
"1569",2021,49,0.0142433658129344,360.4,1561,1697,44,5
"1570",2021,50,0.0282546993413558,360.4,1561,1697,44,5
"1571",2021,51,0.0755726844679689,360.4,1561,1697,44,5
"1572",2021,52,0.0679282594355112,360.4,1561,1697,44,5
"1573",2021,53,0.0880667200031967,360.4,1561,1697,44,5
"1574",2021,54,0.0810513835438919,360.4,1561,1697,44,5
"1575",2021,55,0.0864508056225278,360.4,1561,1697,44,5
"1576",2021,56,0.115553744063787,360.4,1561,1697,44,5
"1577",2021,57,0.0786955813852235,360.4,1561,1697,44,5
"1578",2021,58,0.051993403731292,360.4,1561,1697,44,5
"1579",2021,59,0.0659067903273194,360.4,1561,1697,44,5
"1580",2021,60,0.0412331637313306,360.4,1561,1697,44,5
"1581",2021,61,0.025856967078442,360.4,1561,1697,44,5
"1582",2021,62,0.0272692605472523,360.4,1561,1697,44,5
"1583",2021,63,0.0163470024575953,360.4,1561,1697,44,5
"1584",2021,64,0.0138598919014397,360.4,1561,1697,44,5
"1585",2021,65,0.0151416184978874,360.4,1561,1697,44,5
"1586",2021,66,0.00371097617397797,360.4,1561,1697,44,5
"1587",2021,67,0.00378694935003446,360.4,1561,1697,44,5
"1588",2021,68,0.00274622936157571,360.4,1561,1697,44,5
"1589",2021,69,0.000891241156564765,360.4,1561,1697,44,5
"1590",2021,70,0,360.4,1561,1697,44,5
"1591",2021,71,0.0014434565704705,360.4,1561,1697,44,5
"1592",2021,72,0.00151431092441476,360.4,1561,1697,44,5
"1593",2021,73,0,360.4,1561,1697,44,5
"1594",2021,74,0,360.4,1561,1697,44,5
"1595",2021,75,0,360.4,1561,1697,44,5
"1596",2021,76,0,360.4,1561,1697,44,5
"1597",2021,77,0,360.4,1561,1697,44,5
"1598",2021,78,0,360.4,1561,1697,44,5
"1599",2021,79,0,360.4,1561,1697,44,5
"1600",2021,80,0,360.4,1561,1697,44,5
"1601",2021,81,0,360.4,1561,1697,44,5
"1602",2021,82,0,360.4,1561,1697,44,5
"1603",2021,83,0,360.4,1561,1697,44,5
"1604",2021,84,0,360.4,1561,1697,44,5
"1605",2021,85,0,360.4,1561,1697,44,5
"1606",2021,86,0,360.4,1561,1697,44,5
"1607",2021,87,0,360.4,1561,1697,44,5
"1608",2021,88,0,360.4,1561,1697,44,5
"1609",2021,89,0,360.4,1561,1697,44,5
"1610",2021,90,0,360.4,1561,1697,44,5
"1611",2021,91,0,360.4,1561,1697,44,5
"1612",2021,92,0,360.4,1561,1697,44,5
"1613",2021,93,0,360.4,1561,1697,44,5
"1614",2021,94,0,360.4,1561,1697,44,5
"1615",2021,95,0,360.4,1561,1697,44,5
"1616",2022,1,0,411.8,2185,2241,44,4
"1617",2022,2,0,411.8,2185,2241,44,4
"1618",2022,3,0,411.8,2185,2241,44,4
"1619",2022,4,0,411.8,2185,2241,44,4
"1620",2022,5,0,411.8,2185,2241,44,4
"1621",2022,6,0,411.8,2185,2241,44,4
"1622",2022,7,0,411.8,2185,2241,44,4
"1623",2022,8,0,411.8,2185,2241,44,4
"1624",2022,9,0,411.8,2185,2241,44,4
"1625",2022,10,0,411.8,2185,2241,44,4
"1626",2022,11,0,411.8,2185,2241,44,4
"1627",2022,12,0,411.8,2185,2241,44,4
"1628",2022,13,0,411.8,2185,2241,44,4
"1629",2022,14,0,411.8,2185,2241,44,4
"1630",2022,15,0,411.8,2185,2241,44,4
"1631",2022,16,0,411.8,2185,2241,44,4
"1632",2022,17,0,411.8,2185,2241,44,4
"1633",2022,18,0,411.8,2185,2241,44,4
"1634",2022,19,0,411.8,2185,2241,44,4
"1635",2022,20,0,411.8,2185,2241,44,4
"1636",2022,21,0,411.8,2185,2241,44,4
"1637",2022,22,0,411.8,2185,2241,44,4
"1638",2022,23,0,411.8,2185,2241,44,4
"1639",2022,24,0,411.8,2185,2241,44,4
"1640",2022,25,0,411.8,2185,2241,44,4
"1641",2022,26,0,411.8,2185,2241,44,4
"1642",2022,27,0,411.8,2185,2241,44,4
"1643",2022,28,0,411.8,2185,2241,44,4
"1644",2022,29,0.000696919886590665,411.8,2185,2241,44,4
"1645",2022,30,0,411.8,2185,2241,44,4
"1646",2022,31,0,411.8,2185,2241,44,4
"1647",2022,32,0,411.8,2185,2241,44,4
"1648",2022,33,0,411.8,2185,2241,44,4
"1649",2022,34,0,411.8,2185,2241,44,4
"1650",2022,35,0,411.8,2185,2241,44,4
"1651",2022,36,0.000771746917511104,411.8,2185,2241,44,4
"1652",2022,37,0.000696919886590665,411.8,2185,2241,44,4
"1653",2022,38,0.00784493186912906,411.8,2185,2241,44,4
"1654",2022,39,0.0067149800744164,411.8,2185,2241,44,4
"1655",2022,40,0.00840970756553054,411.8,2185,2241,44,4
"1656",2022,41,0.00600589730353223,411.8,2185,2241,44,4
"1657",2022,42,0.0113613659101586,411.8,2185,2241,44,4
"1658",2022,43,0.0141971101915073,411.8,2185,2241,44,4
"1659",2022,44,0.0128648265186302,411.8,2185,2241,44,4
"1660",2022,45,0.0145138791033608,411.8,2185,2241,44,4
"1661",2022,46,0.0156724259876259,411.8,2185,2241,44,4
"1662",2022,47,0.023679204487435,411.8,2185,2241,44,4
"1663",2022,48,0.0216729720466243,411.8,2185,2241,44,4
"1664",2022,49,0.0418984080205929,411.8,2185,2241,44,4
"1665",2022,50,0.0380371730832109,411.8,2185,2241,44,4
"1666",2022,51,0.0457741238424749,411.8,2185,2241,44,4
"1667",2022,52,0.0634597135360867,411.8,2185,2241,44,4
"1668",2022,53,0.0808937594705227,411.8,2185,2241,44,4
"1669",2022,54,0.0691284823880289,411.8,2185,2241,44,4
"1670",2022,55,0.0843178598436343,411.8,2185,2241,44,4
"1671",2022,56,0.0838299558920613,411.8,2185,2241,44,4
"1672",2022,57,0.0872611297943681,411.8,2185,2241,44,4
"1673",2022,58,0.0726261588998564,411.8,2185,2241,44,4
"1674",2022,59,0.0676704603876663,411.8,2185,2241,44,4
"1675",2022,60,0.0281943774036927,411.8,2185,2241,44,4
"1676",2022,61,0.0259282246923114,411.8,2185,2241,44,4
"1677",2022,62,0.0216845873231069,411.8,2185,2241,44,4
"1678",2022,63,0.017074311438675,411.8,2185,2241,44,4
"1679",2022,64,0.0136562945820421,411.8,2185,2241,44,4
"1680",2022,65,0.00501644061642722,411.8,2185,2241,44,4
"1681",2022,66,0.00316213098950593,411.8,2185,2241,44,4
"1682",2022,67,0.00267989015224818,411.8,2185,2241,44,4
"1683",2022,68,0.00149020062540853,411.8,2185,2241,44,4
"1684",2022,69,0.000530427973576541,411.8,2185,2241,44,4
"1685",2022,70,0,411.8,2185,2241,44,4
"1686",2022,71,0,411.8,2185,2241,44,4
"1687",2022,72,0.000149132776137579,411.8,2185,2241,44,4
"1688",2022,73,0,411.8,2185,2241,44,4
"1689",2022,74,0.000433868519721686,411.8,2185,2241,44,4
"1690",2022,75,0,411.8,2185,2241,44,4
"1691",2022,76,0,411.8,2185,2241,44,4
"1692",2022,77,0,411.8,2185,2241,44,4
"1693",2022,78,0,411.8,2185,2241,44,4
"1694",2022,79,0,411.8,2185,2241,44,4
"1695",2022,80,0,411.8,2185,2241,44,4
"1696",2022,81,0,411.8,2185,2241,44,4
"1697",2022,82,0,411.8,2185,2241,44,4
"1698",2022,83,0,411.8,2185,2241,44,4
"1699",2022,84,0,411.8,2185,2241,44,4
"1700",2022,85,0,411.8,2185,2241,44,4
"1701",2022,86,0,411.8,2185,2241,44,4
"1702",2022,87,0,411.8,2185,2241,44,4
"1703",2022,88,0,411.8,2185,2241,44,4
"1704",2022,89,0,411.8,2185,2241,44,4
"1705",2022,90,0,411.8,2185,2241,44,4
"1706",2022,91,0,411.8,2185,2241,44,4
"1707",2022,92,0,411.8,2185,2241,44,4
"1708",2022,93,0,411.8,2185,2241,44,4
"1709",2022,94,0,411.8,2185,2241,44,4
"1710",2022,95,0,411.8,2185,2241,44,4
