"","SURVEY","YEAR","SPECIES_CODE","REGULATORY_AREA_NAME","LENGTH","MALES","FEMALES","UNSEXED","TOTAL"
"1","AI",2012,21740,"ALEUTIANS",600,742203,574766,0,1316969
"2","AI",2012,21740,"ALEUTIANS",680,308566,479935,0,788501
"3","AI",2012,21740,"ALEUTIANS",640,822720,411284,49384,1283388
"4","AI",2012,21740,"ALEUTIANS",290,49298,58467,0,107765
"5","AI",2012,21740,"ALEUTIANS",310,13803,22359,0,36162
"6","AI",2012,21740,"ALEUTIANS",130,26323,62122,10702,99146
"7","AI",2012,21740,"ALEUTIANS",200,29152,32163,0,61316
"8","AI",2012,21740,"ALEUTIANS",620,882169,365697,0,1247866
"9","AI",2012,21740,"ALEUTIANS",190,169347,114827,26323,310497
"10","AI",2012,21740,"ALEUTIANS",370,94435,57142,0,151578
"11","AI",2012,21740,"ALEUTIANS",140,224966,176210,9977,411153
"12","AI",2012,21740,"ALEUTIANS",330,25249,23781,0,49030
"13","AI",2012,21740,"ALEUTIANS",400,104938,89440,0,194378
"14","AI",2012,21740,"ALEUTIANS",210,5522,5427,0,10950
"15","AI",2012,21740,"ALEUTIANS",380,111783,121548,0,233330
"16","AI",2012,21740,"ALEUTIANS",230,0,7721,0,7721
"17","AI",2012,21740,"ALEUTIANS",360,81450,95340,0,176789
"18","AI",2012,21740,"ALEUTIANS",460,143431,61986,0,205416
"19","AI",2012,21740,"ALEUTIANS",470,243240,131184,0,374424
"20","AI",2022,21740,"ALEUTIANS",360,75530,100528,0,176057
"21","AI",2022,21740,"ALEUTIANS",720,0,14169,0,14169
"22","AI",2022,21740,"ALEUTIANS",640,91199,1594094,0,1685293
"23","AI",2022,21740,"ALEUTIANS",440,849234,581429,0,1430663
"24","AI",2022,21740,"ALEUTIANS",530,3171504,5132037,0,8303542
"25","AI",2022,21740,"ALEUTIANS",350,70847,95835,0,166682
"26","AI",2022,21740,"ALEUTIANS",690,9469,75897,0,85366
"27","AI",2022,21740,"ALEUTIANS",770,0,14685,0,14685
"28","AI",2022,21740,"ALEUTIANS",570,1246179,6194176,0,7440355
"29","AI",2022,21740,"ALEUTIANS",420,581241,463295,0,1044536
"30","AI",2022,21740,"ALEUTIANS",490,2483538,1200016,0,3683554
"31","AI",2022,21740,"ALEUTIANS",300,160866,210932,0,371798
"32","AI",2022,21740,"ALEUTIANS",340,217314,183378,0,400692
"33","AI",2022,21740,"ALEUTIANS",580,899296,1509430,0,2408726
"34","AI",2022,21740,"ALEUTIANS",590,537935,4431898,0,4969832
"35","AI",2022,21740,"ALEUTIANS",520,1764484,2118073,0,3882557
"36","AI",2022,21740,"ALEUTIANS",160,264446,268892,6660,539998
"37","AI",2022,21740,"ALEUTIANS",470,1287339,1209364,0,2496703
"38","AI",2022,21740,"ALEUTIANS",170,501685,561076,3330,1066091
"39","AI",2022,21740,"ALEUTIANS",250,0,4187,0,4187
"40","AI",2022,21740,"ALEUTIANS",210,7034,4187,0,11221
"41","AI",2022,21740,"ALEUTIANS",710,0,27287,0,27287
"42","AI",2022,21740,"ALEUTIANS",310,220733,330912,0,551645
"43","AI",2022,21740,"ALEUTIANS",600,755627,3071200,0,3826828
"44","AI",2022,21740,"ALEUTIANS",450,556638,1528325,0,2084963
"45","AI",2022,21740,"ALEUTIANS",150,115458,109258,0,224716
"46","AI",2022,21740,"ALEUTIANS",220,7034,0,0,7034
"47","AI",2022,21740,"ALEUTIANS",550,3043389,5403824,0,8447212
"48","AI",2022,21740,"ALEUTIANS",540,3025074,5556568,0,8581642
"49","AI",2022,21740,"ALEUTIANS",410,730988,469210,0,1200198
"50","AI",2022,21740,"ALEUTIANS",560,1293812,4358029,0,5651841
"51","AI",2022,21740,"ALEUTIANS",620,205934,1462268,0,1668202
"52","AI",2022,21740,"ALEUTIANS",200,39738,43623,0,83361
"53","AI",2000,21740,"ALEUTIANS",600,1428358,2624293,0,4052650
"54","AI",2000,21740,"ALEUTIANS",490,1202654,1757274,0,2959928
"55","AI",2000,21740,"ALEUTIANS",320,78054,152455,0,230509
"56","AI",2000,21740,"ALEUTIANS",580,1701400,3575880,0,5277279
"57","AI",2000,21740,"ALEUTIANS",630,283431,2441050,0,2724481
"58","AI",2000,21740,"ALEUTIANS",560,2601618,2140570,0,4742187
"59","AI",2000,21740,"ALEUTIANS",400,105791,103113,0,208904
"60","AI",2000,21740,"ALEUTIANS",440,1292322,780369,0,2072691
"61","AI",2000,21740,"ALEUTIANS",540,2957295,2662451,0,5619746
"62","AI",2000,21740,"ALEUTIANS",290,77585,73254,0,150839
"63","AI",2000,21740,"ALEUTIANS",750,0,16085,0,16085
"64","AI",2000,21740,"ALEUTIANS",120,69759,192407,10985,273151
"65","AI",2000,21740,"ALEUTIANS",680,10783,698512,0,709295
"66","AI",2000,21740,"ALEUTIANS",620,341362,2606153,0,2947515
"67","AI",2000,21740,"ALEUTIANS",370,95917,74667,0,170584
"68","AI",2000,21740,"ALEUTIANS",260,29526,46746,0,76272
"69","AI",2000,21740,"ALEUTIANS",80,4201,0,0,4201
"70","AI",2000,21740,"ALEUTIANS",470,1688452,2518258,0,4206709
"71","AI",2000,21740,"ALEUTIANS",610,857364,2508244,0,3365608
"72","AI",2000,21740,"ALEUTIANS",590,1713098,3067381,0,4780479
"73","AI",2000,21740,"ALEUTIANS",520,2097818,1068452,0,3166270
"74","AI",2000,21740,"ALEUTIANS",310,112704,27241,0,139946
"75","AI",2000,21740,"ALEUTIANS",690,35842,323946,0,359788
"76","AI",2000,21740,"ALEUTIANS",510,1296434,2229990,0,3526424
"77","AI",2000,21740,"ALEUTIANS",270,89166,72960,0,162126
"78","AI",2000,21740,"ALEUTIANS",210,4146,0,0,4146
"79","AI",2000,21740,"ALEUTIANS",570,1820325,2653541,0,4473866
"80","AI",2000,21740,"ALEUTIANS",360,61906,83967,0,145874
"81","AI",2000,21740,"ALEUTIANS",480,2150719,2912399,0,5063117
"82","AI",1994,21740,"ALEUTIANS",310,262349,280981,0,543330
"83","AI",1994,21740,"ALEUTIANS",320,240016,170976,0,410991
"84","AI",1994,21740,"ALEUTIANS",330,122476,143479,0,265956
"85","AI",1994,21740,"ALEUTIANS",340,116694,103201,0,219895
"86","AI",1994,21740,"ALEUTIANS",200,3082817,3096548,3509725,9689090
"87","AI",1994,21740,"ALEUTIANS",300,239140,201184,0,440324
"88","AI",1994,21740,"ALEUTIANS",400,469203,396496,0,865699
"89","AI",1994,21740,"ALEUTIANS",500,2275871,2614896,0,4890767
"90","AI",1994,21740,"ALEUTIANS",600,288996,1356070,0,1645066
"91","AI",1994,21740,"ALEUTIANS",700,39704,90487,0,130191
"92","AI",1994,21740,"ALEUTIANS",120,13586,0,2798,16384
"93","AI",1994,21740,"ALEUTIANS",130,6039,7547,11608,25193
"94","AI",1994,21740,"ALEUTIANS",140,116515,40742,23782,181040
"95","AI",1994,21740,"ALEUTIANS",150,83588,70919,338018,492525
"96","AI",1994,21740,"ALEUTIANS",160,599193,464040,1245078,2308311
"97","AI",1994,21740,"ALEUTIANS",170,2598056,1207984,3825853,7631894
"98","AI",1994,21740,"ALEUTIANS",180,3414418,2343329,6275990,12033736
"99","AI",1994,21740,"ALEUTIANS",190,3228782,3255827,4222989,10707599
"100","AI",1994,21740,"ALEUTIANS",210,2182058,1917390,1313231,5412680
"101","AI",1994,21740,"ALEUTIANS",220,1253645,996842,242559,2493045
"102","AI",1994,21740,"ALEUTIANS",230,287134,185491,6012,478637
"103","AI",1994,21740,"ALEUTIANS",240,6405,16166,0,22571
"104","AI",1994,21740,"ALEUTIANS",250,20152,1540,3214,24907
"105","AI",1994,21740,"ALEUTIANS",260,7434,11834,0,19268
"106","AI",1994,21740,"ALEUTIANS",270,19884,4788,2530,27202
"107","AI",1994,21740,"ALEUTIANS",280,58512,56491,0,115003
"108","AI",1994,21740,"ALEUTIANS",290,138829,146490,0,285320
"109","AI",1994,21740,"ALEUTIANS",350,49952,58048,0,108000
"110","AI",1994,21740,"ALEUTIANS",360,57857,58444,0,116301
"111","AI",1994,21740,"ALEUTIANS",370,128959,105674,0,234632
"112","AI",1994,21740,"ALEUTIANS",380,253007,138941,0,391948
"113","AI",1994,21740,"ALEUTIANS",390,396491,343890,0,740381
"114","AI",1994,21740,"ALEUTIANS",410,316902,441045,0,757947
"115","AI",1994,21740,"ALEUTIANS",420,305772,353274,0,659046
"116","AI",1994,21740,"ALEUTIANS",430,261665,323081,0,584746
"117","AI",1994,21740,"ALEUTIANS",440,535923,357247,0,893170
"118","AI",1994,21740,"ALEUTIANS",450,782826,541563,0,1324389
"119","AI",1994,21740,"ALEUTIANS",460,1606589,883544,0,2490133
"120","AI",1994,21740,"ALEUTIANS",470,1892375,1635450,0,3527825
"121","AI",1994,21740,"ALEUTIANS",480,2168967,2322853,0,4491820
"122","AI",1994,21740,"ALEUTIANS",490,2155623,2949793,0,5105416
"123","AI",1994,21740,"ALEUTIANS",510,2176214,2623424,0,4799637
"124","AI",1994,21740,"ALEUTIANS",520,2218821,2218594,0,4437415
"125","AI",1994,21740,"ALEUTIANS",530,1914944,2388093,0,4303036
"126","AI",1994,21740,"ALEUTIANS",540,2173943,2804255,0,4978198
"127","AI",1994,21740,"ALEUTIANS",550,1457852,2539881,0,3997733
"128","AI",1994,21740,"ALEUTIANS",560,1227439,2556225,0,3783664
"129","AI",1994,21740,"ALEUTIANS",570,859086,2611048,0,3470135
"130","AI",1994,21740,"ALEUTIANS",580,684420,2692954,0,3377374
"131","AI",1994,21740,"ALEUTIANS",590,491841,1882399,0,2374241
"132","AI",1994,21740,"ALEUTIANS",610,243050,1310124,0,1553174
"133","AI",1994,21740,"ALEUTIANS",620,115397,842420,0,957817
"134","AI",1994,21740,"ALEUTIANS",630,56620,552280,0,608900
"135","AI",1994,21740,"ALEUTIANS",640,47316,461232,0,508548
"136","AI",1994,21740,"ALEUTIANS",650,35610,229593,0,265203
"137","AI",1994,21740,"ALEUTIANS",660,12198,182262,0,194460
"138","AI",1994,21740,"ALEUTIANS",670,14092,173289,0,187381
"139","AI",1994,21740,"ALEUTIANS",680,47571,53808,0,101379
"140","AI",1994,21740,"ALEUTIANS",690,0,53101,0,53101
"141","AI",1994,21740,"ALEUTIANS",710,0,34115,0,34115
"142","AI",1994,21740,"ALEUTIANS",720,0,26819,0,26819
"143","AI",1994,21740,"ALEUTIANS",730,0,55326,0,55326
"144","AI",1994,21740,"ALEUTIANS",740,13831,27663,0,41494
"145","AI",1994,21740,"ALEUTIANS",750,0,13831,0,13831
"146","AI",1994,21740,"ALEUTIANS",760,0,13831,0,13831
"147","AI",1994,21740,"ALEUTIANS",770,0,41494,0,41494
"148","AI",1994,21740,"ALEUTIANS",790,0,3657,0,3657
"149","AI",1994,21740,"ALEUTIANS",810,0,13831,0,13831
"150","AI",1997,21740,"ALEUTIANS",60,0,7797,0,7797
"151","AI",1997,21740,"ALEUTIANS",200,261631,353095,10728,625455
"152","AI",1997,21740,"ALEUTIANS",300,331622,303763,6886,642270
"153","AI",1997,21740,"ALEUTIANS",400,241827,186527,6886,435239
"154","AI",1997,21740,"ALEUTIANS",500,1819622,1587569,41314,3448504
"155","AI",1997,21740,"ALEUTIANS",600,390394,2068549,6886,2465829
"156","AI",1997,21740,"ALEUTIANS",700,20422,45885,0,66306
"157","AI",1997,21740,"ALEUTIANS",130,6469,10502,0,16971
"158","AI",1997,21740,"ALEUTIANS",140,0,6469,0,6469
"159","AI",1997,21740,"ALEUTIANS",150,56865,53849,9236,119949
"160","AI",1997,21740,"ALEUTIANS",160,117363,118119,5364,240846
"161","AI",1997,21740,"ALEUTIANS",170,126835,120460,0,247296
"162","AI",1997,21740,"ALEUTIANS",180,192360,225906,5364,423630
"163","AI",1997,21740,"ALEUTIANS",190,331811,229577,0,561388
"164","AI",1997,21740,"ALEUTIANS",210,206051,106316,0,312367
"165","AI",1997,21740,"ALEUTIANS",220,114594,75361,0,189955
"166","AI",1997,21740,"ALEUTIANS",230,38503,27994,0,66497
"167","AI",1997,21740,"ALEUTIANS",240,4232,16263,0,20495
"168","AI",1997,21740,"ALEUTIANS",250,0,3177,0,3177
"169","AI",1997,21740,"ALEUTIANS",260,13769,21083,0,34852
"170","AI",1997,21740,"ALEUTIANS",270,46174,69538,0,115712
"171","AI",1997,21740,"ALEUTIANS",280,127930,96966,0,224896
"172","AI",1997,21740,"ALEUTIANS",290,211429,261476,0,472904
"173","AI",1997,21740,"ALEUTIANS",310,330118,420678,0,750795
"174","AI",1997,21740,"ALEUTIANS",320,456755,378378,0,835133
"175","AI",1997,21740,"ALEUTIANS",330,321247,301465,0,622712
"176","AI",1997,21740,"ALEUTIANS",340,213674,279473,6886,500033
"177","AI",1997,21740,"ALEUTIANS",350,148587,159315,6886,314788
"178","AI",1997,21740,"ALEUTIANS",360,143215,100177,0,243392
"179","AI",1997,21740,"ALEUTIANS",370,60319,81618,0,141937
"180","AI",1997,21740,"ALEUTIANS",380,77996,167686,0,245682
"181","AI",1997,21740,"ALEUTIANS",390,126372,103151,6886,236409
"182","AI",1997,21740,"ALEUTIANS",410,176921,151694,0,328615
"183","AI",1997,21740,"ALEUTIANS",420,360349,139703,0,500053
"184","AI",1997,21740,"ALEUTIANS",430,506818,295300,0,802118
"185","AI",1997,21740,"ALEUTIANS",440,719925,385061,0,1104986
"186","AI",1997,21740,"ALEUTIANS",450,860052,676271,6886,1543209
"187","AI",1997,21740,"ALEUTIANS",460,1555219,1244028,6886,2806132
"188","AI",1997,21740,"ALEUTIANS",470,1586031,1730124,34428,3350583
"189","AI",1997,21740,"ALEUTIANS",480,2034152,1459303,20657,3514112
"190","AI",1997,21740,"ALEUTIANS",490,2213004,2205953,6886,4425842
"191","AI",1997,21740,"ALEUTIANS",510,2733065,2098409,20657,4852131
"192","AI",1997,21740,"ALEUTIANS",520,2514794,1999065,48199,4562058
"193","AI",1997,21740,"ALEUTIANS",530,2704302,2370633,20657,5095592
"194","AI",1997,21740,"ALEUTIANS",540,3090750,2736457,27542,5854749
"195","AI",1997,21740,"ALEUTIANS",550,3238679,2814769,27542,6080990
"196","AI",1997,21740,"ALEUTIANS",560,2061038,3421498,34428,5516963
"197","AI",1997,21740,"ALEUTIANS",570,1230505,3216414,13771,4460691
"198","AI",1997,21740,"ALEUTIANS",580,1068343,3207122,13771,4289236
"199","AI",1997,21740,"ALEUTIANS",590,633616,2379588,6886,3020089
"200","AI",1997,21740,"ALEUTIANS",610,228473,2426505,0,2654979
"201","AI",1997,21740,"ALEUTIANS",620,76874,1806002,0,1882876
"202","AI",1997,21740,"ALEUTIANS",630,100034,1548947,6886,1655867
"203","AI",1997,21740,"ALEUTIANS",640,149454,848080,0,997534
"204","AI",1997,21740,"ALEUTIANS",650,40308,498393,0,538701
"205","AI",1997,21740,"ALEUTIANS",660,70637,401663,0,472300
"206","AI",1997,21740,"ALEUTIANS",670,17055,181745,0,198800
"207","AI",1997,21740,"ALEUTIANS",680,14381,211674,0,226055
"208","AI",1997,21740,"ALEUTIANS",690,0,74071,0,74071
"209","AI",1997,21740,"ALEUTIANS",710,0,61629,0,61629
"210","AI",1997,21740,"ALEUTIANS",720,0,56309,0,56309
"211","AI",1997,21740,"ALEUTIANS",730,0,21195,0,21195
"212","AI",1997,21740,"ALEUTIANS",740,0,11736,0,11736
"213","AI",1997,21740,"ALEUTIANS",750,0,5075,0,5075
"214","AI",1991,21740,"ALEUTIANS",70,0,0,7896,7896
"215","AI",1991,21740,"ALEUTIANS",200,289984,226276,192585,708845
"216","AI",1991,21740,"ALEUTIANS",300,1456643,936770,0,2393413
"217","AI",1991,21740,"ALEUTIANS",400,1366214,1440118,0,2806331
"218","AI",1991,21740,"ALEUTIANS",500,7488011,3797660,0,11285671
"219","AI",1983,21740,"ALEUTIANS",200,1922,0,0,1922
"220","AI",1983,21740,"ALEUTIANS",300,1897093,1952340,31597,3881031
"221","AI",1983,21740,"ALEUTIANS",400,8641293,2669886,0,11311178
"222","AI",1983,21740,"ALEUTIANS",500,9389605,22554962,0,31944567
"223","AI",1983,21740,"ALEUTIANS",600,153919,1211166,0,1365086
"224","AI",1983,21740,"ALEUTIANS",700,0,13943,0,13943
"225","AI",1983,21740,"ALEUTIANS",180,2839,0,0,2839
"226","AI",1983,21740,"ALEUTIANS",190,19371,0,0,19371
"227","AI",1983,21740,"ALEUTIANS",210,2540,0,0,2540
"228","AI",1983,21740,"ALEUTIANS",220,9179,3319,0,12498
"229","AI",1983,21740,"ALEUTIANS",230,19916,134876,0,154792
"230","AI",1983,21740,"ALEUTIANS",240,55222,67603,31597,154422
"231","AI",1983,21740,"ALEUTIANS",250,305557,349873,10532,665962
"232","AI",1983,21740,"ALEUTIANS",260,587275,962132,115856,1665263
"233","AI",1983,21740,"ALEUTIANS",270,1073988,1912152,126389,3112529
"234","AI",1983,21740,"ALEUTIANS",280,1733505,1687587,136921,3558012
"235","AI",1983,21740,"ALEUTIANS",290,1944074,1431981,147453,3523508
"236","AI",1983,21740,"ALEUTIANS",310,3836052,3748923,52662,7637637
"237","AI",1983,21740,"ALEUTIANS",320,4174532,4639747,0,8814278
"238","AI",1983,21740,"ALEUTIANS",330,4101417,3825651,21065,7948132
"239","AI",1983,21740,"ALEUTIANS",340,3090584,3041124,0,6131708
"240","AI",1983,21740,"ALEUTIANS",350,2348166,2702932,0,5051098
"241","AI",1983,21740,"ALEUTIANS",360,1691516,1316958,10532,3019007
"242","AI",1983,21740,"ALEUTIANS",370,2269915,1134591,0,3404507
"243","AI",1983,21740,"ALEUTIANS",380,4103320,947769,0,5051089
"244","AI",1983,21740,"ALEUTIANS",390,5708678,3004713,0,8713391
"245","AI",1983,21740,"ALEUTIANS",410,11744524,4173447,0,15917971
"246","AI",1983,21740,"ALEUTIANS",420,16954239,9453288,0,26407527
"247","AI",1983,21740,"ALEUTIANS",430,22433340,12851296,0,35284637
"248","AI",1983,21740,"ALEUTIANS",440,28943642,22218988,0,51162631
"249","AI",1983,21740,"ALEUTIANS",450,30333502,29751421,0,60084922
"250","AI",1983,21740,"ALEUTIANS",460,35191434,39978706,0,75170140
"251","AI",1983,21740,"ALEUTIANS",470,31058558,42758104,0,73816662
"252","AI",1983,21740,"ALEUTIANS",480,23563543,39175023,0,62738566
"253","AI",1983,21740,"ALEUTIANS",490,18140301,33511089,0,51651391
"254","AI",1983,21740,"ALEUTIANS",510,6463262,19626627,0,26089889
"255","AI",1983,21740,"ALEUTIANS",520,4144537,12717320,0,16861856
"256","AI",1983,21740,"ALEUTIANS",530,3292596,7635456,0,10928052
"257","AI",1983,21740,"ALEUTIANS",540,2197822,5668153,0,7865976
"258","AI",1983,21740,"ALEUTIANS",550,1937386,3833847,0,5771233
"259","AI",1983,21740,"ALEUTIANS",560,1462695,3660144,0,5122838
"260","AI",1983,21740,"ALEUTIANS",570,644087,2706244,0,3350331
"261","AI",1983,21740,"ALEUTIANS",580,453814,2709153,0,3162966
"262","AI",1983,21740,"ALEUTIANS",590,121273,1944611,0,2065885
"263","AI",1983,21740,"ALEUTIANS",610,75740,712031,0,787771
"264","AI",1983,21740,"ALEUTIANS",620,38153,523007,0,561161
"265","AI",1983,21740,"ALEUTIANS",630,64273,399178,0,463451
"266","AI",1983,21740,"ALEUTIANS",640,3919,359738,0,363657
"267","AI",1983,21740,"ALEUTIANS",650,9901,211789,0,221691
"268","AI",1983,21740,"ALEUTIANS",660,7853,233411,0,241265
"269","AI",1983,21740,"ALEUTIANS",670,0,148779,0,148779
"270","AI",1983,21740,"ALEUTIANS",680,42011,129397,0,171408
"271","AI",1983,21740,"ALEUTIANS",690,0,190547,0,190547
"272","AI",1983,21740,"ALEUTIANS",710,0,880,0,880
"273","AI",1983,21740,"ALEUTIANS",720,0,31475,0,31475
"274","AI",1983,21740,"ALEUTIANS",730,0,31475,0,31475
"275","AI",1983,21740,"ALEUTIANS",750,0,31475,0,31475
"276","AI",1986,21740,"ALEUTIANS",600,104374,1698353,0,1802727
"277","AI",1986,21740,"ALEUTIANS",700,0,8724,0,8724
"278","AI",1986,21740,"ALEUTIANS",210,2507,1253,0,3760
"279","AI",1986,21740,"ALEUTIANS",230,20125,0,0,20125
"280","AI",1986,21740,"ALEUTIANS",300,4191398,2565348,0,6756746
"281","AI",1986,21740,"ALEUTIANS",400,14203036,12901354,0,27104390
"282","AI",1986,21740,"ALEUTIANS",500,10929351,18701895,0,29631246
"283","AI",1980,21740,"ALEUTIANS",200,0,55921,469720,525642
"284","AI",1980,21740,"ALEUTIANS",300,5779587,5912195,0,11691782
"285","AI",1980,21740,"ALEUTIANS",400,7338165,5464506,0,12802670
"286","AI",1980,21740,"ALEUTIANS",500,7326933,6928055,0,14254988
"287","AI",1980,21740,"ALEUTIANS",600,364129,1319440,0,1683569
"288","AI",1980,21740,"ALEUTIANS",700,0,8058,0,8058
"289","AI",1980,21740,"ALEUTIANS",130,0,0,93944,93944
"290","AI",1980,21740,"ALEUTIANS",140,0,0,93944,93944
"291","AI",1980,21740,"ALEUTIANS",150,0,0,469720,469720
"292","AI",1980,21740,"ALEUTIANS",160,0,0,2630434,2630434
"293","AI",1980,21740,"ALEUTIANS",170,0,0,1784937,1784937
"294","AI",1980,21740,"ALEUTIANS",180,0,0,2254657,2254657
"295","AI",1980,21740,"ALEUTIANS",190,0,0,845497,845497
"296","AI",1980,21740,"ALEUTIANS",210,68999,0,93944,162943
"297","AI",1980,21740,"ALEUTIANS",220,68999,137998,0,206996
"298","AI",1980,21740,"ALEUTIANS",230,655488,517491,0,1172979
"299","AI",1980,21740,"ALEUTIANS",240,1103980,1034981,0,2138962
"300","AI",1980,21740,"ALEUTIANS",250,1100851,573412,0,1674263
"301","AI",1980,21740,"ALEUTIANS",260,2014079,1317273,0,3331352
"302","AI",1980,21740,"ALEUTIANS",270,3399710,3054912,0,6454622
"303","AI",1980,21740,"ALEUTIANS",280,5626706,4303403,0,9930109
"304","AI",1980,21740,"ALEUTIANS",290,6432803,5498482,0,11931285
"305","AI",1980,21740,"ALEUTIANS",310,12999955,10576340,0,23576295
"306","AI",1980,21740,"ALEUTIANS",320,26779702,21514958,0,48294660
"307","AI",1980,21740,"ALEUTIANS",330,32248037,40531796,0,72779833
"308","AI",1980,21740,"ALEUTIANS",340,19122654,25530859,0,44653513
"309","AI",1980,21740,"ALEUTIANS",350,9215264,9491750,0,18707014
"310","AI",1980,21740,"ALEUTIANS",360,4852241,1364416,0,6216658
"311","AI",1980,21740,"ALEUTIANS",370,3355971,1903819,0,5259790
"312","AI",1980,21740,"ALEUTIANS",380,6536301,4737156,0,11273457
"313","AI",1980,21740,"ALEUTIANS",390,6914882,5800770,0,12715653
"314","AI",1980,21740,"ALEUTIANS",410,4480557,5900098,0,10380655
"315","AI",1980,21740,"ALEUTIANS",420,5206436,4033279,0,9239715
"316","AI",1980,21740,"ALEUTIANS",430,3977431,4876647,0,8854078
"317","AI",1980,21740,"ALEUTIANS",440,4971426,5110809,0,10082234
"318","AI",1980,21740,"ALEUTIANS",450,4238828,8099391,0,12338218
"319","AI",1980,21740,"ALEUTIANS",460,4926065,3911449,0,8837514
"320","AI",1980,21740,"ALEUTIANS",470,6721062,4210606,0,10931668
"321","AI",1980,21740,"ALEUTIANS",480,7928619,4807791,0,12736411
"322","AI",1980,21740,"ALEUTIANS",490,7480597,7328996,0,14809593
"323","AI",1980,21740,"ALEUTIANS",510,6753940,12630365,0,19384305
"324","AI",1980,21740,"ALEUTIANS",520,4293258,10849461,0,15142719
"325","AI",1980,21740,"ALEUTIANS",530,2633121,9122122,0,11755243
"326","AI",1980,21740,"ALEUTIANS",540,1493206,8838455,0,10331661
"327","AI",1980,21740,"ALEUTIANS",550,602811,3868452,0,4471263
"328","AI",1980,21740,"ALEUTIANS",560,484806,4025453,0,4510259
"329","AI",1980,21740,"ALEUTIANS",570,373311,1965075,0,2338386
"330","AI",1980,21740,"ALEUTIANS",580,1042153,853855,0,1896008
"331","AI",1980,21740,"ALEUTIANS",590,62046,1764496,0,1826542
"332","AI",1980,21740,"ALEUTIANS",610,20299,577850,0,598150
"333","AI",1980,21740,"ALEUTIANS",620,80537,552878,0,633416
"334","AI",1980,21740,"ALEUTIANS",630,0,547165,0,547165
"335","AI",1980,21740,"ALEUTIANS",640,0,609609,0,609609
"336","AI",1980,21740,"ALEUTIANS",650,10150,360634,0,370784
"337","AI",1980,21740,"ALEUTIANS",660,0,26452,0,26452
"338","AI",1980,21740,"ALEUTIANS",670,0,314681,0,314681
"339","AI",1980,21740,"ALEUTIANS",680,0,10150,0,10150
"340","AI",1986,21740,"ALEUTIANS",240,90552,92151,0,182703
"341","AI",1986,21740,"ALEUTIANS",250,692850,203254,0,896104
"342","AI",1986,21740,"ALEUTIANS",260,874279,718939,0,1593218
"343","AI",1986,21740,"ALEUTIANS",270,1579123,1454778,0,3033901
"344","AI",1986,21740,"ALEUTIANS",280,3011474,2589823,0,5601296
"345","AI",1986,21740,"ALEUTIANS",290,3320571,3440282,0,6760853
"346","AI",1986,21740,"ALEUTIANS",310,2028384,1774997,0,3803381
"347","AI",1986,21740,"ALEUTIANS",320,13029233,1090233,0,14119466
"348","AI",1986,21740,"ALEUTIANS",330,17845531,6083197,0,23928727
"349","AI",1986,21740,"ALEUTIANS",340,20363158,20365636,0,40728795
"350","AI",1986,21740,"ALEUTIANS",350,24405162,16803056,0,41208218
"351","AI",1986,21740,"ALEUTIANS",360,24281990,20620085,0,44902075
"352","AI",1986,21740,"ALEUTIANS",370,18021836,20587415,0,38609250
"353","AI",1986,21740,"ALEUTIANS",380,17090948,17918253,0,35009201
"354","AI",1986,21740,"ALEUTIANS",390,14313147,14560679,0,28873826
"355","AI",1986,21740,"ALEUTIANS",410,9852113,8965018,0,18817131
"356","AI",1986,21740,"ALEUTIANS",420,10836079,10056557,0,20892636
"357","AI",1986,21740,"ALEUTIANS",430,9681834,9465584,0,19147418
"358","AI",1986,21740,"ALEUTIANS",440,12263895,9798241,0,22062136
"359","AI",1986,21740,"ALEUTIANS",450,11291398,10641537,0,21932934
"360","AI",1986,21740,"ALEUTIANS",460,11352147,13160713,0,24512860
"361","AI",1986,21740,"ALEUTIANS",470,13678368,12134402,0,25812770
"362","AI",1986,21740,"ALEUTIANS",480,16591857,16657988,0,33249846
"363","AI",1986,21740,"ALEUTIANS",490,7903969,19989761,0,27893729
"364","AI",1986,21740,"ALEUTIANS",510,5939479,18738368,0,24677847
"365","AI",1986,21740,"ALEUTIANS",520,3581411,18985905,0,22567316
"366","AI",1986,21740,"ALEUTIANS",530,4029515,15589348,0,19618863
"367","AI",1986,21740,"ALEUTIANS",540,3433560,12342722,0,15776282
"368","AI",1986,21740,"ALEUTIANS",550,2174632,10918415,0,13093047
"369","AI",1986,21740,"ALEUTIANS",560,1052589,6692707,0,7745296
"370","AI",1986,21740,"ALEUTIANS",570,463407,3656422,0,4119829
"371","AI",1986,21740,"ALEUTIANS",580,563693,3978569,0,4542262
"372","AI",1986,21740,"ALEUTIANS",590,282521,2463189,0,2745710
"373","AI",1986,21740,"ALEUTIANS",610,579284,1293004,0,1872288
"374","AI",1986,21740,"ALEUTIANS",620,0,340023,0,340023
"375","AI",1986,21740,"ALEUTIANS",630,39059,386253,0,425312
"376","AI",1986,21740,"ALEUTIANS",640,8296,204533,0,212829
"377","AI",1986,21740,"ALEUTIANS",650,534050,52226,0,586275
"378","AI",1986,21740,"ALEUTIANS",660,0,104364,0,104364
"379","AI",1986,21740,"ALEUTIANS",670,0,87935,0,87935
"380","AI",1986,21740,"ALEUTIANS",680,1053,60711,0,61764
"381","AI",1986,21740,"ALEUTIANS",690,0,6747,0,6747
"382","AI",1986,21740,"ALEUTIANS",710,0,10023,0,10023
"383","AI",1986,21740,"ALEUTIANS",730,0,3374,0,3374
"384","AI",1986,21740,"ALEUTIANS",740,0,6649,0,6649
"385","AI",1986,21740,"ALEUTIANS",750,0,3374,0,3374
"386","AI",1991,21740,"ALEUTIANS",600,73207,1172476,0,1245683
"387","AI",1991,21740,"ALEUTIANS",700,0,49795,0,49795
"388","AI",1991,21740,"ALEUTIANS",140,0,0,12910,12910
"389","AI",1991,21740,"ALEUTIANS",150,5066,0,25819,30885
"390","AI",1991,21740,"ALEUTIANS",160,7896,20857,90962,119715
"391","AI",1991,21740,"ALEUTIANS",170,31104,28567,416182,475853
"392","AI",1991,21740,"ALEUTIANS",180,83614,75175,852898,1011687
"393","AI",1991,21740,"ALEUTIANS",190,150274,189178,619321,958773
"394","AI",1991,21740,"ALEUTIANS",210,307012,351815,100001,758828
"395","AI",1991,21740,"ALEUTIANS",220,211486,253353,18284,483123
"396","AI",1991,21740,"ALEUTIANS",230,103902,78408,3520,185830
"397","AI",1991,21740,"ALEUTIANS",240,18571,11302,0,29873
"398","AI",1991,21740,"ALEUTIANS",250,24590,94438,0,119028
"399","AI",1991,21740,"ALEUTIANS",260,163698,201268,0,364966
"400","AI",1991,21740,"ALEUTIANS",270,224980,211197,0,436178
"401","AI",1991,21740,"ALEUTIANS",280,468034,692004,0,1160038
"402","AI",1991,21740,"ALEUTIANS",290,1196542,788383,0,1984925
"403","AI",1991,21740,"ALEUTIANS",310,984855,808546,0,1793401
"404","AI",1991,21740,"ALEUTIANS",320,665711,467672,0,1133383
"405","AI",1991,21740,"ALEUTIANS",330,494579,510720,0,1005298
"406","AI",1991,21740,"ALEUTIANS",340,903441,480531,0,1383972
"407","AI",1991,21740,"ALEUTIANS",350,1948007,780908,0,2728915
"408","AI",1991,21740,"ALEUTIANS",360,2168980,1275479,0,3444459
"409","AI",1991,21740,"ALEUTIANS",370,2229874,1637399,0,3867272
"410","AI",1991,21740,"ALEUTIANS",380,2154443,1849027,0,4003469
"411","AI",1991,21740,"ALEUTIANS",390,1821925,1730966,0,3552891
"412","AI",1991,21740,"ALEUTIANS",410,1960723,1357082,0,3317805
"413","AI",1991,21740,"ALEUTIANS",420,1852359,1405461,0,3257820
"414","AI",1991,21740,"ALEUTIANS",430,1741818,1790465,0,3532284
"415","AI",1991,21740,"ALEUTIANS",440,3188990,2407721,0,5596712
"416","AI",1991,21740,"ALEUTIANS",450,5551063,3279340,0,8830403
"417","AI",1991,21740,"ALEUTIANS",460,4527093,3299576,0,7826669
"418","AI",1991,21740,"ALEUTIANS",470,5223518,3658336,0,8881853
"419","AI",1991,21740,"ALEUTIANS",480,4061216,4469344,0,8530560
"420","AI",1991,21740,"ALEUTIANS",490,6930362,3640485,0,10570847
"421","AI",1991,21740,"ALEUTIANS",510,5923535,3045327,0,8968863
"422","AI",1991,21740,"ALEUTIANS",520,4152790,3810065,0,7962856
"423","AI",1991,21740,"ALEUTIANS",530,3114569,4066148,0,7180717
"424","AI",1991,21740,"ALEUTIANS",540,2735481,5099544,0,7835025
"425","AI",1991,21740,"ALEUTIANS",550,1173827,3945893,0,5119720
"426","AI",1991,21740,"ALEUTIANS",560,703390,3636643,0,4340033
"427","AI",1991,21740,"ALEUTIANS",570,466459,2760198,0,3226656
"428","AI",1991,21740,"ALEUTIANS",580,360334,1799807,0,2160141
"429","AI",1991,21740,"ALEUTIANS",590,56666,1521205,0,1577871
"430","AI",1991,21740,"ALEUTIANS",610,61458,869077,0,930535
"431","AI",1991,21740,"ALEUTIANS",620,41996,675106,0,717103
"432","AI",1991,21740,"ALEUTIANS",630,0,453837,0,453837
"433","AI",1991,21740,"ALEUTIANS",640,18093,243705,0,261798
"434","AI",1991,21740,"ALEUTIANS",650,2704,116525,0,119229
"435","AI",1991,21740,"ALEUTIANS",660,0,313911,0,313911
"436","AI",1991,21740,"ALEUTIANS",670,0,68726,0,68726
"437","AI",1991,21740,"ALEUTIANS",680,0,64169,0,64169
"438","AI",1991,21740,"ALEUTIANS",690,9592,100447,0,110038
"439","AI",1991,21740,"ALEUTIANS",720,0,3520,0,3520
"440","AI",1991,21740,"ALEUTIANS",730,0,3520,0,3520
"441","AI",1991,21740,"ALEUTIANS",750,0,3520,0,3520
"442","AI",1991,21740,"ALEUTIANS",760,0,3383,0,3383
"443","AI",1991,21740,"ALEUTIANS",820,0,22377,0,22377
"444","AI",2012,21740,"ALEUTIANS",820,0,10870,0,10870
"445","AI",2012,21740,"ALEUTIANS",800,0,8743,0,8743
"446","AI",2012,21740,"ALEUTIANS",630,1581451,404403,0,1985854
"447","AI",2012,21740,"ALEUTIANS",570,407674,486592,0,894266
"448","AI",2012,21740,"ALEUTIANS",520,403847,441405,0,845252
"449","AI",2012,21740,"ALEUTIANS",670,415056,561894,0,976950
"450","AI",2012,21740,"ALEUTIANS",590,742136,487465,0,1229600
"451","AI",2012,21740,"ALEUTIANS",150,510386,556617,59500,1126503
"452","AI",2012,21740,"ALEUTIANS",340,41309,29076,0,70385
"453","AI",2012,21740,"ALEUTIANS",350,54120,55512,0,109632
"454","AI",2012,21740,"ALEUTIANS",770,0,13616,0,13616
"455","AI",2012,21740,"ALEUTIANS",270,25864,35886,0,61750
"456","AI",2012,21740,"ALEUTIANS",760,0,11325,0,11325
"457","AI",2012,21740,"ALEUTIANS",720,116752,142877,0,259628
"458","AI",2012,21740,"ALEUTIANS",500,477553,339077,0,816630
"459","AI",2012,21740,"ALEUTIANS",390,159736,140781,0,300517
"460","AI",2012,21740,"ALEUTIANS",450,78073,49821,0,127894
"461","AI",2012,21740,"ALEUTIANS",410,68354,37110,0,105464
"462","AI",2012,21740,"ALEUTIANS",440,39502,50312,0,89814
"463","AI",2012,21740,"ALEUTIANS",740,49384,87040,0,136424
"464","AI",2012,21740,"ALEUTIANS",260,2290,3365,0,5654
"465","AI",2012,21740,"ALEUTIANS",530,404044,395696,0,799741
"466","AI",2012,21740,"ALEUTIANS",540,324543,450813,0,775357
"467","AI",2012,21740,"ALEUTIANS",660,693004,651177,0,1344181
"468","AI",2012,21740,"ALEUTIANS",580,586965,213440,0,800405
"469","AI",2012,21740,"ALEUTIANS",420,25150,38856,0,64006
"470","AI",2012,21740,"ALEUTIANS",700,263378,397263,0,660641
"471","AI",2012,21740,"ALEUTIANS",280,41934,22766,0,64700
"472","AI",2012,21740,"ALEUTIANS",790,0,10870,0,10870
"473","AI",2012,21740,"ALEUTIANS",710,59421,350967,0,410388
"474","AI",2012,21740,"ALEUTIANS",300,50676,30025,0,80701
"475","AI",2012,21740,"ALEUTIANS",610,793517,441972,0,1235489
"476","AI",2012,21740,"ALEUTIANS",490,416342,272727,0,689068
"477","AI",2012,21740,"ALEUTIANS",480,242822,184844,0,427667
"478","AI",2012,21740,"ALEUTIANS",170,1625153,1240972,135043,3001168
"479","AI",2012,21740,"ALEUTIANS",650,1210563,504417,0,1714980
"480","AI",2012,21740,"ALEUTIANS",690,387048,490850,0,877898
"481","AI",2012,21740,"ALEUTIANS",510,405739,409269,0,815008
"482","AI",2012,21740,"ALEUTIANS",320,11661,39195,0,50857
"483","AI",2012,21740,"ALEUTIANS",560,266006,474896,4364,745265
"484","AI",2012,21740,"ALEUTIANS",160,1472369,882913,138355,2493637
"485","AI",2012,21740,"ALEUTIANS",550,373844,436835,0,810678
"486","AI",2012,21740,"ALEUTIANS",180,949996,736000,184263,1870258
"487","AI",2012,21740,"ALEUTIANS",730,9206,123631,0,132837
"488","AI",2004,21740,"ALEUTIANS",200,97069,75559,0,172628
"489","AI",2004,21740,"ALEUTIANS",300,15329,26568,0,41897
"490","AI",2004,21740,"ALEUTIANS",400,175712,186512,0,362225
"491","AI",2004,21740,"ALEUTIANS",500,1633819,1423488,0,3057306
"492","AI",2004,21740,"ALEUTIANS",600,4074994,1916766,0,5991760
"493","AI",2004,21740,"ALEUTIANS",700,9693,295058,0,304751
"494","AI",2004,21740,"ALEUTIANS",120,0,29708,0,29708
"495","AI",2004,21740,"ALEUTIANS",130,38522,50890,0,89412
"496","AI",2004,21740,"ALEUTIANS",140,143434,112547,18422,274403
"497","AI",2004,21740,"ALEUTIANS",150,389534,264042,0,653576
"498","AI",2004,21740,"ALEUTIANS",160,643571,637633,2021,1283225
"499","AI",2004,21740,"ALEUTIANS",170,461654,781288,7593,1250534
"500","AI",2004,21740,"ALEUTIANS",180,367747,322476,2021,692244
"501","AI",2004,21740,"ALEUTIANS",190,318973,277851,10128,606952
"502","AI",2004,21740,"ALEUTIANS",210,24353,33796,0,58149
"503","AI",2004,21740,"ALEUTIANS",220,5786,0,0,5786
"504","AI",2004,21740,"ALEUTIANS",260,0,17742,0,17742
"505","AI",2004,21740,"ALEUTIANS",270,19471,0,0,19471
"506","AI",2004,21740,"ALEUTIANS",280,0,4412,0,4412
"507","AI",2004,21740,"ALEUTIANS",290,53471,19182,0,72653
"508","AI",2004,21740,"ALEUTIANS",310,63699,55332,0,119031
"509","AI",2004,21740,"ALEUTIANS",320,49053,14771,0,63824
"510","AI",2004,21740,"ALEUTIANS",330,21401,29542,0,50943
"511","AI",2004,21740,"ALEUTIANS",340,35595,19471,0,55066
"512","AI",2004,21740,"ALEUTIANS",350,48705,43124,0,91829
"513","AI",2004,21740,"ALEUTIANS",360,83258,61765,0,145023
"514","AI",2004,21740,"ALEUTIANS",370,157474,91195,0,248669
"515","AI",2004,21740,"ALEUTIANS",380,255042,175212,0,430254
"516","AI",2004,21740,"ALEUTIANS",390,179018,154802,0,333820
"517","AI",2004,21740,"ALEUTIANS",410,388563,225671,0,614234
"518","AI",2004,21740,"ALEUTIANS",420,228160,211868,0,440028
"519","AI",2004,21740,"ALEUTIANS",430,241598,211413,0,453010
"520","AI",2004,21740,"ALEUTIANS",440,373561,258936,0,632496
"521","AI",2004,21740,"ALEUTIANS",450,428021,395311,0,823332
"522","AI",2004,21740,"ALEUTIANS",460,908551,478878,0,1387430
"523","AI",2004,21740,"ALEUTIANS",470,936239,1012533,0,1948772
"524","AI",2004,21740,"ALEUTIANS",480,856087,768606,0,1624694
"525","AI",2004,21740,"ALEUTIANS",490,1018750,1339807,0,2358556
"526","AI",2004,21740,"ALEUTIANS",510,1982878,1248771,0,3231649
"527","AI",2004,21740,"ALEUTIANS",520,1491028,1123132,0,2614161
"528","AI",2004,21740,"ALEUTIANS",530,1812537,1351365,0,3163903
"529","AI",2004,21740,"ALEUTIANS",540,1274348,1588912,0,2863260
"530","AI",2004,21740,"ALEUTIANS",550,2405960,1082848,0,3488808
"531","AI",2004,21740,"ALEUTIANS",560,3463278,1640647,0,5103924
"532","AI",2004,21740,"ALEUTIANS",570,3792789,1357994,0,5150782
"533","AI",2004,21740,"ALEUTIANS",580,3147934,1805779,0,4953713
"534","AI",2004,21740,"ALEUTIANS",590,3906567,2662461,0,6569029
"535","AI",2004,21740,"ALEUTIANS",610,2526145,2061554,0,4587699
"536","AI",2004,21740,"ALEUTIANS",620,2390764,4024152,0,6414916
"537","AI",2004,21740,"ALEUTIANS",630,1844790,2177090,0,4021880
"538","AI",2004,21740,"ALEUTIANS",640,379870,2832479,0,3212350
"539","AI",2004,21740,"ALEUTIANS",650,352572,1988033,0,2340606
"540","AI",2004,21740,"ALEUTIANS",660,320522,2112454,0,2432976
"541","AI",2004,21740,"ALEUTIANS",670,20581,1379854,0,1400435
"542","AI",2004,21740,"ALEUTIANS",680,12300,431348,0,443648
"543","AI",2004,21740,"ALEUTIANS",690,21869,365953,0,387822
"544","AI",2004,21740,"ALEUTIANS",710,0,344734,0,344734
"545","AI",2004,21740,"ALEUTIANS",720,2557,32178,0,34734
"546","AI",2004,21740,"ALEUTIANS",730,0,25856,0,25856
"547","AI",2004,21740,"ALEUTIANS",740,0,17987,0,17987
"548","AI",2004,21740,"ALEUTIANS",750,0,18092,0,18092
"549","AI",2004,21740,"ALEUTIANS",760,0,15047,0,15047
"550","AI",2004,21740,"ALEUTIANS",770,0,29765,0,29765
"551","AI",2004,21740,"ALEUTIANS",780,1424,6899,0,8322
"552","AI",2004,21740,"ALEUTIANS",790,0,20461,0,20461
"553","AI",2004,21740,"ALEUTIANS",830,0,2597,0,2597
"554","AI",2004,21740,"ALEUTIANS",860,0,2597,0,2597
"555","AI",2016,21740,"ALEUTIANS",440,1198000,2322994,0,3520994
"556","AI",2016,21740,"ALEUTIANS",420,2460546,1703095,0,4163641
"557","AI",2016,21740,"ALEUTIANS",190,3948346,1248095,14482,5210923
"558","AI",2016,21740,"ALEUTIANS",290,379294,262754,0,642049
"559","AI",2016,21740,"ALEUTIANS",640,488893,628664,0,1117556
"560","AI",2016,21740,"ALEUTIANS",680,66521,332683,0,399203
"561","AI",2016,21740,"ALEUTIANS",360,152275,141632,0,293906
"562","AI",2016,21740,"ALEUTIANS",400,1539840,718409,3326,2261574
"563","AI",2016,21740,"ALEUTIANS",730,0,88865,0,88865
"564","AI",2016,21740,"ALEUTIANS",410,1382198,1069857,0,2452055
"565","AI",2016,21740,"ALEUTIANS",630,375252,657557,0,1032809
"566","AI",2016,21740,"ALEUTIANS",510,1102892,3323916,0,4426808
"567","AI",2016,21740,"ALEUTIANS",550,939667,2045564,0,2985230
"568","AI",2016,21740,"ALEUTIANS",430,885541,1655899,0,2541441
"569","AI",2016,21740,"ALEUTIANS",470,1333380,1506038,0,2839418
"570","AI",2016,21740,"ALEUTIANS",580,500692,1373987,0,1874680
"571","AI",2016,21740,"ALEUTIANS",340,148126,596062,0,744188
"572","AI",2016,21740,"ALEUTIANS",650,868343,652248,0,1520591
"573","AI",2016,21740,"ALEUTIANS",710,11168,32349,0,43517
"574","AI",2016,21740,"ALEUTIANS",690,211869,418612,0,630482
"575","AI",2016,21740,"ALEUTIANS",530,1169955,3379095,0,4549050
"576","AI",2016,21740,"ALEUTIANS",270,100039,23317,0,123357
"577","AI",2016,21740,"ALEUTIANS",170,5089121,3526839,0,8615960
"578","AI",2016,21740,"ALEUTIANS",540,809268,2210255,0,3019523
"579","AI",2016,21740,"ALEUTIANS",180,5037138,3365025,3211,8405374
"580","AI",2016,21740,"ALEUTIANS",660,299883,749278,0,1049160
"581","AI",2016,21740,"ALEUTIANS",450,799214,1124823,0,1924037
"582","AI",2016,21740,"ALEUTIANS",380,298172,327992,0,626164
"583","AI",2016,21740,"ALEUTIANS",200,596996,1351126,0,1948122
"584","AI",2016,21740,"ALEUTIANS",740,0,37098,0,37098
"585","AI",2016,21740,"ALEUTIANS",330,482740,724281,0,1207020
"586","AI",2016,21740,"ALEUTIANS",250,12929,7013,0,19942
"587","AI",2016,21740,"ALEUTIANS",590,647237,953982,0,1601219
"588","AI",2016,21740,"ALEUTIANS",460,964717,1221155,0,2185872
"589","AI",2016,21740,"ALEUTIANS",520,984381,2537320,0,3521701
"590","AI",2016,21740,"ALEUTIANS",490,1368564,2525130,0,3893693
"591","AI",2016,21740,"ALEUTIANS",620,944613,639180,0,1583793
"592","AI",2016,21740,"ALEUTIANS",390,322664,508784,0,831448
"593","AI",2016,21740,"ALEUTIANS",260,43455,20737,0,64191
"594","AI",2016,21740,"ALEUTIANS",310,612858,512048,0,1124906
"595","AI",2016,21740,"ALEUTIANS",610,563686,697943,0,1261629
"596","AI",2016,21740,"ALEUTIANS",370,222768,214379,0,437147
"597","AI",2016,21740,"ALEUTIANS",760,0,31770,0,31770
"598","AI",2016,21740,"ALEUTIANS",350,113519,122630,0,236148
"599","AI",2002,21740,"ALEUTIANS",200,59791,93777,0,153568
"600","AI",2002,21740,"ALEUTIANS",300,44134,121950,0,166084
"601","AI",2002,21740,"ALEUTIANS",400,450414,377971,0,828385
"602","AI",2002,21740,"ALEUTIANS",500,1134029,375814,0,1509843
"603","AI",2002,21740,"ALEUTIANS",600,3784855,6238991,0,10023846
"604","AI",2002,21740,"ALEUTIANS",700,16492,666283,0,682775
"605","AI",2002,21740,"ALEUTIANS",800,0,5376,0,5376
"606","AI",2002,21740,"ALEUTIANS",120,6255,0,0,6255
"607","AI",2002,21740,"ALEUTIANS",130,0,0,10518,10518
"608","AI",2002,21740,"ALEUTIANS",140,56328,62602,6437,125367
"609","AI",2002,21740,"ALEUTIANS",150,160150,124321,0,284471
"610","AI",2002,21740,"ALEUTIANS",160,318291,454874,6945,780111
"611","AI",2002,21740,"ALEUTIANS",170,355901,385543,12638,754083
"612","AI",2002,21740,"ALEUTIANS",180,151287,215858,2146,369290
"613","AI",2002,21740,"ALEUTIANS",190,116734,87131,0,203866
"614","AI",2002,21740,"ALEUTIANS",210,14763,8085,0,22848
"615","AI",2002,21740,"ALEUTIANS",230,9342,12531,0,21874
"616","AI",2002,21740,"ALEUTIANS",250,40009,0,0,40009
"617","AI",2002,21740,"ALEUTIANS",260,18417,25096,0,43513
"618","AI",2002,21740,"ALEUTIANS",270,46394,49242,0,95636
"619","AI",2002,21740,"ALEUTIANS",280,97346,136973,0,234319
"620","AI",2002,21740,"ALEUTIANS",290,82682,59014,0,141696
"621","AI",2002,21740,"ALEUTIANS",310,83153,128687,0,211841
"622","AI",2002,21740,"ALEUTIANS",320,107920,212541,0,320462
"623","AI",2002,21740,"ALEUTIANS",330,358135,163593,0,521728
"624","AI",2002,21740,"ALEUTIANS",340,313426,270290,0,583716
"625","AI",2002,21740,"ALEUTIANS",350,272854,225345,0,498199
"626","AI",2002,21740,"ALEUTIANS",360,276338,120388,0,396726
"627","AI",2002,21740,"ALEUTIANS",370,219782,240490,0,460271
"628","AI",2002,21740,"ALEUTIANS",380,371381,365805,0,737187
"629","AI",2002,21740,"ALEUTIANS",390,290316,329480,0,619796
"630","AI",2002,21740,"ALEUTIANS",410,441233,369390,0,810623
"631","AI",2002,21740,"ALEUTIANS",420,463229,491040,0,954269
"632","AI",2002,21740,"ALEUTIANS",430,604505,481358,0,1085863
"633","AI",2002,21740,"ALEUTIANS",440,623393,508069,0,1131462
"634","AI",2002,21740,"ALEUTIANS",450,462985,637911,0,1100895
"635","AI",2002,21740,"ALEUTIANS",460,667386,456910,0,1124296
"636","AI",2002,21740,"ALEUTIANS",470,466317,648951,0,1115268
"637","AI",2002,21740,"ALEUTIANS",480,639591,469765,0,1109356
"638","AI",2002,21740,"ALEUTIANS",490,886569,467236,0,1353805
"639","AI",2002,21740,"ALEUTIANS",510,1159748,553201,0,1712950
"640","AI",2002,21740,"ALEUTIANS",520,1716124,1033625,0,2749749
"641","AI",2002,21740,"ALEUTIANS",530,1946669,1769199,0,3715868
"642","AI",2002,21740,"ALEUTIANS",540,3230839,1782558,0,5013397
"643","AI",2002,21740,"ALEUTIANS",550,3438060,3204286,0,6642346
"644","AI",2002,21740,"ALEUTIANS",560,4730815,2297239,0,7028054
"645","AI",2002,21740,"ALEUTIANS",570,5293666,2429208,0,7722874
"646","AI",2002,21740,"ALEUTIANS",580,5348948,4125311,0,9474259
"647","AI",2002,21740,"ALEUTIANS",590,5387295,4967788,0,10355083
"648","AI",2002,21740,"ALEUTIANS",610,2386477,4587846,0,6974324
"649","AI",2002,21740,"ALEUTIANS",620,1793127,5369209,0,7162337
"650","AI",2002,21740,"ALEUTIANS",630,940781,5382105,0,6322886
"651","AI",2002,21740,"ALEUTIANS",640,776570,4621874,0,5398444
"652","AI",2002,21740,"ALEUTIANS",650,241019,3297355,0,3538375
"653","AI",2002,21740,"ALEUTIANS",660,186678,3799631,0,3986309
"654","AI",2002,21740,"ALEUTIANS",670,320639,1435089,0,1755728
"655","AI",2002,21740,"ALEUTIANS",680,203608,1243328,0,1446936
"656","AI",2002,21740,"ALEUTIANS",690,0,1142940,0,1142940
"657","AI",2002,21740,"ALEUTIANS",710,0,195259,0,195259
"658","AI",2002,21740,"ALEUTIANS",720,0,76261,0,76261
"659","AI",2002,21740,"ALEUTIANS",730,0,371324,0,371324
"660","AI",2002,21740,"ALEUTIANS",740,0,42518,0,42518
"661","AI",2002,21740,"ALEUTIANS",750,0,50815,0,50815
"662","AI",2002,21740,"ALEUTIANS",760,0,5376,0,5376
"663","AI",2002,21740,"ALEUTIANS",770,0,62059,0,62059
"664","AI",2002,21740,"ALEUTIANS",780,0,9507,0,9507
"665","AI",2002,21740,"ALEUTIANS",790,0,10752,0,10752
"666","AI",2002,21740,"ALEUTIANS",810,0,14883,0,14883
"667","AI",2002,21740,"ALEUTIANS",820,0,6531,0,6531
"668","AI",2002,21740,"ALEUTIANS",830,0,5376,0,5376
"669","AI",2006,21740,"ALEUTIANS",140,5736,0,48379,54115
"670","AI",2006,21740,"ALEUTIANS",490,1094912,502520,0,1597432
"671","AI",2006,21740,"ALEUTIANS",290,26064,11634,0,37698
"672","AI",2006,21740,"ALEUTIANS",170,61409,154646,0,216055
"673","AI",2006,21740,"ALEUTIANS",740,0,41975,0,41975
"674","AI",2014,21740,"ALEUTIANS",420,429455,267435,0,696890
"675","AI",2014,21740,"ALEUTIANS",610,1338075,1947441,0,3285516
"676","AI",2014,21740,"ALEUTIANS",480,577855,764901,0,1342757
"677","AI",2014,21740,"ALEUTIANS",490,948429,828878,0,1777307
"678","AI",2014,21740,"ALEUTIANS",300,333549,466920,0,800469
"679","AI",2014,21740,"ALEUTIANS",290,136328,87218,0,223545
"680","AI",2014,21740,"ALEUTIANS",600,1417266,1855775,0,3273041
"681","AI",2014,21740,"ALEUTIANS",530,1153480,832528,0,1986008
"682","AI",2014,21740,"ALEUTIANS",550,1331318,760760,0,2092078
"683","AI",2014,21740,"ALEUTIANS",320,809246,972666,0,1781912
"684","AI",2014,21740,"ALEUTIANS",580,1799106,1793280,0,3592386
"685","AI",2014,21740,"ALEUTIANS",520,691214,843681,0,1534895
"686","AI",2014,21740,"ALEUTIANS",210,136683,128362,33991,299037
"687","AI",2006,21740,"ALEUTIANS",270,17080,14573,0,31653
"688","AI",2006,21740,"ALEUTIANS",690,214510,232089,0,446599
"689","AI",2006,21740,"ALEUTIANS",710,2298,221090,0,223388
"690","AI",2010,21740,"ALEUTIANS",440,1597348,715236,0,2312584
"691","AI",2010,21740,"ALEUTIANS",540,1221575,591177,0,1812752
"692","AI",2010,21740,"ALEUTIANS",590,4097511,1351116,0,5448627
"693","AI",2010,21740,"ALEUTIANS",380,240950,219291,0,460240
"694","AI",2010,21740,"ALEUTIANS",400,476900,314718,0,791618
"695","AI",2010,21740,"ALEUTIANS",660,1214425,2137468,0,3351893
"696","AI",2010,21740,"ALEUTIANS",270,5132,21896,0,27028
"697","AI",2014,21740,"ALEUTIANS",220,26650,15438,0,42089
"698","AI",2014,21740,"ALEUTIANS",780,0,7203,0,7203
"699","AI",2014,21740,"ALEUTIANS",120,26981,0,0,26981
"700","AI",2006,21740,"ALEUTIANS",460,473014,266771,0,739786
"701","AI",2006,21740,"ALEUTIANS",610,2392445,1407541,13047,3813033
"702","AI",2010,21740,"ALEUTIANS",210,226188,0,0,226188
"703","AI",2010,21740,"ALEUTIANS",690,735418,1067063,0,1802481
"704","AI",2014,21740,"ALEUTIANS",430,373699,221110,0,594809
"705","AI",2014,21740,"ALEUTIANS",700,77159,674701,0,751859
"706","AI",2014,21740,"ALEUTIANS",680,471977,829072,0,1301050
"707","AI",2014,21740,"ALEUTIANS",200,229167,345978,33991,609136
"708","AI",2014,21740,"ALEUTIANS",410,862653,951802,0,1814455
"709","AI",2014,21740,"ALEUTIANS",380,1460751,851763,0,2312515
"710","AI",2014,21740,"ALEUTIANS",540,1670327,813823,0,2484150
"711","AI",2014,21740,"ALEUTIANS",450,481651,350489,0,832139
"712","AI",2014,21740,"ALEUTIANS",650,1357948,923743,0,2281691
"713","AI",2014,21740,"ALEUTIANS",670,447820,679289,0,1127109
"714","AI",2014,21740,"ALEUTIANS",230,3338,3338,0,6675
"715","AI",2014,21740,"ALEUTIANS",350,106480,120363,0,226842
"716","AI",2014,21740,"ALEUTIANS",400,1220353,1572578,0,2792931
"717","AI",2014,21740,"ALEUTIANS",560,1657370,1172296,0,2829666
"718","AI",2014,21740,"ALEUTIANS",330,607409,668002,0,1275411
"719","AI",2014,21740,"ALEUTIANS",180,536357,1596370,37313,2170040
"720","AI",2006,21740,"ALEUTIANS",440,469288,220239,0,689527
"721","AI",2006,21740,"ALEUTIANS",520,1144714,820864,0,1965578
"722","AI",2006,21740,"ALEUTIANS",430,326127,341921,0,668048
"723","AI",2006,21740,"ALEUTIANS",450,214673,225044,0,439717
"724","AI",2006,21740,"ALEUTIANS",750,0,109199,0,109199
"725","AI",2006,21740,"ALEUTIANS",130,0,2868,38554,41422
"726","AI",2006,21740,"ALEUTIANS",200,209466,127963,0,337429
"727","AI",2006,21740,"ALEUTIANS",780,0,2995,0,2995
"728","AI",2010,21740,"ALEUTIANS",530,1119244,377898,0,1497142
"729","AI",2010,21740,"ALEUTIANS",640,1933326,3154662,0,5087988
"730","AI",2010,21740,"ALEUTIANS",480,980172,999591,0,1979762
"731","AI",2010,21740,"ALEUTIANS",410,422740,277539,0,700279
"732","AI",2010,21740,"ALEUTIANS",200,1377705,1338791,0,2716496
"733","AI",2010,21740,"ALEUTIANS",810,0,5810,0,5810
"734","AI",2010,21740,"ALEUTIANS",790,0,8631,0,8631
"735","AI",2010,21740,"ALEUTIANS",280,14134,20150,0,34283
"736","AI",2016,21740,"ALEUTIANS",140,0,0,78605,78605
"737","AI",2016,21740,"ALEUTIANS",70,0,0,11485,11485
"738","AI",2016,21740,"ALEUTIANS",160,1102975,100680,0,1203656
"739","AI",2016,21740,"ALEUTIANS",280,173238,98081,0,271319
"740","AI",2006,21740,"ALEUTIANS",340,41534,5817,0,47351
"741","AI",2006,21740,"ALEUTIANS",600,2505850,1706891,0,4212741
"742","AI",2006,21740,"ALEUTIANS",560,2132084,1155975,0,3288058
"743","AI",2006,21740,"ALEUTIANS",660,874060,1659515,0,2533575
"744","AI",2006,21740,"ALEUTIANS",470,714707,345659,0,1060366
"745","AI",2010,21740,"ALEUTIANS",800,0,4737,0,4737
"746","AI",2010,21740,"ALEUTIANS",470,941321,1117594,0,2058915
"747","AI",2010,21740,"ALEUTIANS",170,2763355,2790651,0,5554007
"748","AI",2010,21740,"ALEUTIANS",360,58328,59013,0,117341
"749","AI",2016,21740,"ALEUTIANS",770,0,4628,0,4628
"750","AI",2016,21740,"ALEUTIANS",750,0,16461,0,16461
"751","AI",2016,21740,"ALEUTIANS",320,752096,966140,0,1718236
"752","AI",2016,21740,"ALEUTIANS",670,120010,318902,0,438912
"753","AI",2016,21740,"ALEUTIANS",560,523457,1596470,0,2119927
"754","AI",2014,21740,"ALEUTIANS",570,1314867,1180695,0,2495563
"755","AI",2014,21740,"ALEUTIANS",360,158958,265078,0,424036
"756","AI",2014,21740,"ALEUTIANS",310,860194,978972,0,1839166
"757","AI",2010,21740,"ALEUTIANS",240,7204,10461,0,17665
"758","AI",2010,21740,"ALEUTIANS",670,893761,1673870,0,2567631
"759","AI",2006,21740,"ALEUTIANS",280,20547,14502,0,35049
"760","AI",2006,21740,"ALEUTIANS",260,11634,38668,0,50302
"761","AI",2006,21740,"ALEUTIANS",700,12380,82740,0,95120
"762","AI",2006,21740,"ALEUTIANS",230,0,3666,0,3666
"763","AI",2006,21740,"ALEUTIANS",650,692359,1223591,0,1915949
"764","AI",2006,21740,"ALEUTIANS",390,278354,266278,0,544632
"765","AI",2010,21740,"ALEUTIANS",420,564271,386618,0,950889
"766","AI",2010,21740,"ALEUTIANS",460,1339882,993274,0,2333156
"767","AI",2010,21740,"ALEUTIANS",190,6538953,4398155,0,10937109
"768","AI",2010,21740,"ALEUTIANS",740,0,24928,0,24928
"769","AI",2010,21740,"ALEUTIANS",780,0,5810,0,5810
"770","AI",2016,21740,"ALEUTIANS",700,24429,304596,0,329025
"771","AI",2016,21740,"ALEUTIANS",300,601656,453795,0,1055451
"772","AI",2016,21740,"ALEUTIANS",210,92565,22247,0,114812
"773","AI",2016,21740,"ALEUTIANS",780,0,2512,0,2512
"774","AI",2014,21740,"ALEUTIANS",260,49807,68242,0,118050
"775","AI",2014,21740,"ALEUTIANS",160,255918,255010,0,510927
"776","AI",2014,21740,"ALEUTIANS",750,0,37833,0,37833
"777","AI",2000,21740,"ALEUTIANS",50,6631,0,0,6631
"778","AI",2006,21740,"ALEUTIANS",570,2877684,2009142,0,4886826
"779","AI",2006,21740,"ALEUTIANS",540,1779155,867566,0,2646722
"780","AI",2010,21740,"ALEUTIANS",560,2476137,592597,0,3068734
"781","AI",2010,21740,"ALEUTIANS",600,3884263,1668719,0,5552982
"782","AI",2010,21740,"ALEUTIANS",700,195544,771998,0,967542
"783","AI",2010,21740,"ALEUTIANS",310,36001,4961,0,40961
"784","AI",2016,21740,"ALEUTIANS",720,4628,185794,0,190422
"785","AI",2016,21740,"ALEUTIANS",570,864031,1323257,0,2187288
"786","AI",2016,21740,"ALEUTIANS",480,1808160,2326122,0,4134282
"787","AI",2016,21740,"ALEUTIANS",600,497281,1013034,0,1510315
"788","AI",2000,21740,"ALEUTIANS",110,8619,69759,0,78378
"789","AI",2000,21740,"ALEUTIANS",330,45812,37201,0,83013
"790","AI",2010,21740,"ALEUTIANS",140,39892,40350,0,80242
"791","AI",2010,21740,"ALEUTIANS",160,1601448,1043253,29676,2674377
"792","AI",2006,21740,"ALEUTIANS",480,1037544,340689,0,1378233
"793","AI",2006,21740,"ALEUTIANS",180,79726,185928,0,265653
"794","AI",2006,21740,"ALEUTIANS",790,0,20392,0,20392
"795","AI",2006,21740,"ALEUTIANS",360,60884,45045,0,105929
"796","AI",2006,21740,"ALEUTIANS",210,31269,49860,0,81129
"797","AI",2006,21740,"ALEUTIANS",680,46844,732408,0,779252
"798","AI",2006,21740,"ALEUTIANS",250,16510,0,0,16510
"799","AI",2010,21740,"ALEUTIANS",260,4483,25909,0,30392
"800","AI",2010,21740,"ALEUTIANS",330,15684,15129,0,30813
"801","AI",2010,21740,"ALEUTIANS",130,0,5755,0,5755
"802","AI",2016,21740,"ALEUTIANS",240,0,4722,0,4722
"803","AI",2016,21740,"ALEUTIANS",150,10935,7061,78605,96601
"804","AI",2000,21740,"ALEUTIANS",340,23517,17961,0,41478
"805","AI",2000,21740,"ALEUTIANS",140,2535941,2631456,43941,5211339
"806","AI",2000,21740,"ALEUTIANS",410,130998,157158,0,288156
"807","AI",2006,21740,"ALEUTIANS",300,23268,5817,0,29085
"808","AI",2010,21740,"ALEUTIANS",620,4259531,2645770,0,6905301
"809","AI",2010,21740,"ALEUTIANS",430,1021866,417993,0,1439859
"810","AI",2010,21740,"ALEUTIANS",450,1530043,1131319,0,2661362
"811","AI",2010,21740,"ALEUTIANS",490,793303,830950,0,1624253
"812","AI",2010,21740,"ALEUTIANS",300,36580,51110,0,87690
"813","AI",2016,21740,"ALEUTIANS",500,1539890,4331200,0,5871090
"814","AI",2000,21740,"ALEUTIANS",670,57033,527803,0,584836
"815","AI",2000,21740,"ALEUTIANS",420,508554,202792,0,711346
"816","AI",2000,21740,"ALEUTIANS",190,166725,178667,0,345392
"817","AI",2000,21740,"ALEUTIANS",130,711585,656526,32956,1401067
"818","AI",2000,21740,"ALEUTIANS",770,0,11884,0,11884
"819","AI",2006,21740,"ALEUTIANS",620,2197698,1146415,0,3344113
"820","AI",2006,21740,"ALEUTIANS",500,721635,394863,0,1116498
"821","AI",2006,21740,"ALEUTIANS",410,321756,279375,0,601131
"822","AI",2006,21740,"ALEUTIANS",190,177401,209233,14862,401496
"823","AI",2006,21740,"ALEUTIANS",220,0,7195,0,7195
"824","AI",2006,21740,"ALEUTIANS",670,151283,607137,0,758420
"825","AI",2006,21740,"ALEUTIANS",350,40803,43577,0,84380
"826","AI",2010,21740,"ALEUTIANS",150,555488,237230,27554,820272
"827","AI",2010,21740,"ALEUTIANS",350,36666,9891,0,46557
"828","AI",2010,21740,"ALEUTIANS",120,0,12166,0,12166
"829","AI",2010,21740,"ALEUTIANS",250,5029,4932,0,9961
"830","AI",2010,21740,"ALEUTIANS",650,2004031,2025852,12054,4041937
"831","AI",2014,21740,"ALEUTIANS",150,131520,61238,0,192758
"832","AI",2014,21740,"ALEUTIANS",140,8443,41245,0,49688
"833","AI",2016,21740,"ALEUTIANS",790,0,10082,0,10082
"834","AI",2000,21740,"ALEUTIANS",240,0,58502,0,58502
"835","AI",2000,21740,"ALEUTIANS",840,0,2986,0,2986
"836","AI",2000,21740,"ALEUTIANS",160,2422505,1778983,0,4201488
"837","AI",2000,21740,"ALEUTIANS",500,1339709,2410692,0,3750401
"838","AI",2000,21740,"ALEUTIANS",430,778908,208441,0,987349
"839","AI",2000,21740,"ALEUTIANS",390,163648,132566,0,296214
"840","AI",2010,21740,"ALEUTIANS",520,823898,803824,0,1627722
"841","AI",2010,21740,"ALEUTIANS",570,3168051,432605,0,3600655
"842","AI",2006,21740,"ALEUTIANS",370,131933,49876,0,181809
"843","AI",2006,21740,"ALEUTIANS",320,19698,5817,0,25515
"844","AI",2010,21740,"ALEUTIANS",510,664681,492848,0,1157529
"845","AI",2010,21740,"ALEUTIANS",390,312083,305413,0,617496
"846","AI",2010,21740,"ALEUTIANS",770,0,50609,0,50609
"847","AI",2010,21740,"ALEUTIANS",710,4463,178477,0,182940
"848","AI",2010,21740,"ALEUTIANS",370,205091,106821,0,311912
"849","AI",2010,21740,"ALEUTIANS",320,33979,53535,0,87514
"850","AI",2010,21740,"ALEUTIANS",340,35949,0,0,35949
"851","AI",2014,21740,"ALEUTIANS",440,507364,284605,0,791969
"852","AI",2014,21740,"ALEUTIANS",710,83428,253565,0,336993
"853","AI",2014,21740,"ALEUTIANS",660,670044,903341,0,1573385
"854","AI",2014,21740,"ALEUTIANS",500,590844,963648,0,1554492
"855","AI",2014,21740,"ALEUTIANS",510,631393,1263896,0,1895289
"856","AI",2014,21740,"ALEUTIANS",590,1451983,1611426,0,3063410
"857","AI",2014,21740,"ALEUTIANS",690,354247,789914,0,1144161
"858","AI",2014,21740,"ALEUTIANS",390,2480875,970370,0,3451245
"859","AI",2000,21740,"ALEUTIANS",460,2079264,1736707,0,3815971
"860","AI",2000,21740,"ALEUTIANS",350,61177,66223,0,127399
"861","AI",2010,21740,"ALEUTIANS",610,3685105,1938939,0,5624044
"862","AI",2006,21740,"ALEUTIANS",590,2234265,1556679,0,3790943
"863","AI",2006,21740,"ALEUTIANS",550,1744962,715107,0,2460069
"864","AI",2006,21740,"ALEUTIANS",530,2013022,916819,0,2929841
"865","AI",2006,21740,"ALEUTIANS",630,734175,2382412,0,3116588
"866","AI",2006,21740,"ALEUTIANS",420,401665,273810,0,675475
"867","AI",2006,21740,"ALEUTIANS",730,0,87503,0,87503
"868","AI",2006,21740,"ALEUTIANS",400,335339,258001,0,593341
"869","AI",2010,21740,"ALEUTIANS",290,10521,14279,0,24800
"870","AI",2010,21740,"ALEUTIANS",550,1518549,548304,0,2066854
"871","AI",2010,21740,"ALEUTIANS",730,56359,132198,0,188557
"872","AI",2010,21740,"ALEUTIANS",680,493962,1558229,0,2052190
"873","AI",2014,21740,"ALEUTIANS",130,80944,34783,0,115727
"874","AI",2014,21740,"ALEUTIANS",470,786882,665030,0,1451913
"875","AI",2014,21740,"ALEUTIANS",740,0,43247,0,43247
"876","AI",2000,21740,"ALEUTIANS",660,44017,784558,0,828575
"877","AI",2000,21740,"ALEUTIANS",280,77979,150498,0,228477
"878","AI",2000,21740,"ALEUTIANS",740,0,13165,0,13165
"879","AI",2000,21740,"ALEUTIANS",700,0,212052,0,212052
"880","AI",2006,21740,"ALEUTIANS",720,22412,102429,0,124842
"881","AI",2006,21740,"ALEUTIANS",160,77175,32841,0,110015
"882","AI",2006,21740,"ALEUTIANS",760,0,21565,0,21565
"883","AI",2006,21740,"ALEUTIANS",770,0,9824,0,9824
"884","AI",2012,21740,"ALEUTIANS",750,0,7278,0,7278
"885","AI",2012,21740,"ALEUTIANS",430,30600,44149,0,74749
"886","AI",2014,21740,"ALEUTIANS",250,31957,12817,0,44775
"887","AI",2014,21740,"ALEUTIANS",370,624953,575352,0,1200304
"888","AI",2014,21740,"ALEUTIANS",340,385176,357116,0,742293
"889","AI",2014,21740,"ALEUTIANS",630,1347221,1478353,0,2825574
"890","AI",2022,21740,"ALEUTIANS",190,142228,188859,0,331087
"891","AI",2018,21740,"ALEUTIANS",510,3303306,4675888,6699,7985893
"892","AI",2018,21740,"ALEUTIANS",300,385064,334203,0,719267
"893","AI",2018,21740,"ALEUTIANS",450,2248115,2206150,0,4454266
"894","AI",2018,21740,"ALEUTIANS",280,217554,161354,0,378908
"895","AI",2018,21740,"ALEUTIANS",180,351140,467423,81218,899781
"896","AI",2006,21740,"ALEUTIANS",510,747492,604672,0,1352164
"897","AI",2006,21740,"ALEUTIANS",150,27059,0,39301,66360
"898","AI",2006,21740,"ALEUTIANS",310,44504,28740,0,73243
"899","AI",2010,21740,"ALEUTIANS",630,2738754,2369331,0,5108085
"900","AI",2010,21740,"ALEUTIANS",180,8819497,4661746,5668,13486910
"901","AI",2010,21740,"ALEUTIANS",760,0,4737,0,4737
"902","AI",2014,21740,"ALEUTIANS",170,548676,1045306,51535,1645517
"903","AI",2014,21740,"ALEUTIANS",270,63041,41460,0,104502
"904","AI",2014,21740,"ALEUTIANS",720,55066,199485,0,254551
"905","AI",2014,21740,"ALEUTIANS",240,31742,7037,0,38779
"906","AI",2014,21740,"ALEUTIANS",280,32972,124569,0,157540
"907","AI",2018,21740,"ALEUTIANS",500,3393227,7111463,0,10504690
"908","AI",2018,21740,"ALEUTIANS",540,2310819,3748441,0,6059259
"909","AI",2018,21740,"ALEUTIANS",490,1923430,5652026,0,7575457
"910","AI",2018,21740,"ALEUTIANS",220,29390,49894,0,79283
"911","AI",2010,21740,"ALEUTIANS",580,3992070,1110176,0,5102247
"912","AI",2010,21740,"ALEUTIANS",720,67726,245732,0,313458
"913","AI",2010,21740,"ALEUTIANS",500,1439870,664878,0,2104748
"914","AI",2000,21740,"ALEUTIANS",730,0,30233,0,30233
"915","AI",2000,21740,"ALEUTIANS",250,43063,21222,0,64285
"916","AI",2000,21740,"ALEUTIANS",720,0,69339,0,69339
"917","AI",2010,21740,"ALEUTIANS",750,0,34318,0,34318
"918","AI",2014,21740,"ALEUTIANS",620,1223626,1560955,0,2784581
"919","AI",2014,21740,"ALEUTIANS",460,604782,444222,0,1049004
"920","AI",2014,21740,"ALEUTIANS",640,943873,922754,0,1866627
"921","AI",2014,21740,"ALEUTIANS",730,8264,68739,0,77003
"922","AI",2022,21740,"ALEUTIANS",730,0,39573,0,39573
"923","AI",2018,21740,"ALEUTIANS",250,8055,5036,0,13090
"924","AI",2018,21740,"ALEUTIANS",160,117807,73445,51031,242284
"925","AI",2018,21740,"ALEUTIANS",130,5213,0,2549,7762
"926","AI",2000,21740,"ALEUTIANS",230,8127,3981,0,12108
"927","AI",2000,21740,"ALEUTIANS",760,0,2986,0,2986
"928","AI",2000,21740,"ALEUTIANS",530,1842009,1834758,0,3676767
"929","AI",2000,21740,"ALEUTIANS",650,115551,1553649,0,1669200
"930","AI",2000,21740,"ALEUTIANS",150,3193830,2051913,32956,5278700
"931","AI",2000,21740,"ALEUTIANS",300,95191,112186,0,207377
"932","AI",2000,21740,"ALEUTIANS",550,2472972,1723167,0,4196139
"933","AI",2000,21740,"ALEUTIANS",640,270092,1359258,0,1629349
"934","AI",2000,21740,"ALEUTIANS",170,1429687,1295478,0,2725165
"935","AI",2000,21740,"ALEUTIANS",450,1534777,1514496,0,3049272
"936","AI",2000,21740,"ALEUTIANS",380,144316,98245,0,242561
"937","AI",2000,21740,"ALEUTIANS",180,761954,622690,0,1384644
"938","AI",2000,21740,"ALEUTIANS",710,0,24442,0,24442
"939","AI",2014,21740,"ALEUTIANS",190,374109,1049908,76754,1500771
"940","AI",2014,21740,"ALEUTIANS",770,0,2154,0,2154
"941","AI",2014,21740,"ALEUTIANS",800,0,10918,0,10918
"942","AI",2014,21740,"ALEUTIANS",760,0,30632,0,30632
"943","AI",2006,21740,"ALEUTIANS",330,11634,14990,0,26624
"944","AI",2006,21740,"ALEUTIANS",580,2559320,1370339,0,3929658
"945","AI",2006,21740,"ALEUTIANS",640,773955,1935595,0,2709550
"946","AI",2006,21740,"ALEUTIANS",380,236309,237635,0,473944
"947","AI",2022,21740,"ALEUTIANS",750,0,14685,0,14685
"948","AI",2022,21740,"ALEUTIANS",610,587732,1494975,0,2082707
"949","AI",2022,21740,"ALEUTIANS",390,546782,420441,0,967224
"950","AI",2022,21740,"ALEUTIANS",260,14375,14044,0,28419
"951","AI",2022,21740,"ALEUTIANS",460,1268845,553977,0,1822821
"952","AI",2022,21740,"ALEUTIANS",670,30139,247892,0,278031
"953","AI",2022,21740,"ALEUTIANS",480,1099480,1295746,0,2395226
"954","AI",2022,21740,"ALEUTIANS",680,0,328778,0,328778
"955","AI",2022,21740,"ALEUTIANS",400,451752,309922,0,761675
"956","AI",2022,21740,"ALEUTIANS",660,102897,413626,0,516523
"957","AI",2022,21740,"ALEUTIANS",280,66351,100717,0,167069
"958","AI",2022,21740,"ALEUTIANS",430,676522,702495,0,1379017
"959","AI",2022,21740,"ALEUTIANS",700,6244,89718,0,95963
"960","AI",2022,21740,"ALEUTIANS",290,146611,123062,0,269673
"961","AI",2022,21740,"ALEUTIANS",270,51178,12650,0,63827
"962","AI",2022,21740,"ALEUTIANS",510,2293609,3783830,0,6077439
"963","AI",2022,21740,"ALEUTIANS",740,0,29350,0,29350
"964","AI",2022,21740,"ALEUTIANS",370,160817,209337,0,370154
"965","AI",2022,21740,"ALEUTIANS",330,193234,220779,0,414013
"966","AI",2018,21740,"ALEUTIANS",720,42190,219181,0,261370
"967","AI",2022,21740,"ALEUTIANS",500,2063600,933925,0,2997525
"968","AI",2022,21740,"ALEUTIANS",180,554758,333664,9990,898412
"969","AI",2018,21740,"ALEUTIANS",320,876108,507435,0,1383543
"970","AI",2018,21740,"ALEUTIANS",640,1048575,959161,0,2007736
"971","AI",2018,21740,"ALEUTIANS",190,397689,212848,34863,645400
"972","AI",2018,21740,"ALEUTIANS",470,2104915,5356529,0,7461443
"973","AI",2018,21740,"ALEUTIANS",660,902580,1150470,0,2053051
"974","AI",2018,21740,"ALEUTIANS",330,814121,782730,0,1596851
"975","AI",2022,21740,"ALEUTIANS",650,5639,189356,0,194995
"976","AI",2022,21740,"ALEUTIANS",320,271194,251829,0,523023
"977","AI",2022,21740,"ALEUTIANS",380,281261,171052,0,452313
"978","AI",2022,21740,"ALEUTIANS",630,177578,914497,0,1092075
"979","AI",2022,21740,"ALEUTIANS",140,47014,0,0,47014
"980","AI",2018,21740,"ALEUTIANS",780,0,13035,0,13035
"981","AI",2018,21740,"ALEUTIANS",590,2626267,2105648,0,4731915
"982","AI",2018,21740,"ALEUTIANS",290,281776,201825,0,483601
"983","AI",2018,21740,"ALEUTIANS",460,2441182,3157052,0,5598234
"984","AI",2018,21740,"ALEUTIANS",260,58215,20120,0,78336
"985","AI",2018,21740,"ALEUTIANS",680,572198,288847,0,861044
"986","AI",2018,21740,"ALEUTIANS",360,185774,245898,0,431671
"987","AI",2018,21740,"ALEUTIANS",370,177933,134000,0,311932
"988","AI",2018,21740,"ALEUTIANS",760,0,8415,0,8415
"989","AI",2018,21740,"ALEUTIANS",620,2627666,2245098,0,4872764
"990","AI",2018,21740,"ALEUTIANS",140,44407,49140,20866,114412
"991","AI",2018,21740,"ALEUTIANS",480,2313116,6624866,0,8937982
"992","AI",2018,21740,"ALEUTIANS",550,3340651,2688920,0,6029571
"993","AI",2018,21740,"ALEUTIANS",600,2105928,2223346,0,4329274
"994","AI",2018,21740,"ALEUTIANS",230,0,12072,0,12072
"995","AI",2018,21740,"ALEUTIANS",770,0,22399,0,22399
"996","AI",2018,21740,"ALEUTIANS",670,882463,1289907,0,2172369
"997","AI",2018,21740,"ALEUTIANS",690,240073,272945,0,513018
"998","AI",2018,21740,"ALEUTIANS",750,0,15498,0,15498
"999","AI",2018,21740,"ALEUTIANS",150,44697,26072,62259,133028
"1000","AI",2018,21740,"ALEUTIANS",170,204394,279555,66477,550427
"1001","AI",2018,21740,"ALEUTIANS",530,2981491,4640297,0,7621788
"1002","AI",2018,21740,"ALEUTIANS",580,3382934,2482513,0,5865447
"1003","AI",2018,21740,"ALEUTIANS",650,1514652,1060640,0,2575291
"1004","AI",2018,21740,"ALEUTIANS",200,159542,278725,8029,446297
"1005","AI",2018,21740,"ALEUTIANS",310,801655,643281,0,1444936
"1006","AI",2018,21740,"ALEUTIANS",340,575822,571348,0,1147169
"1007","AI",2018,21740,"ALEUTIANS",210,57363,48207,0,105570
"1008","AI",2018,21740,"ALEUTIANS",390,121344,53697,0,175041
"1009","AI",2018,21740,"ALEUTIANS",520,3148331,5323261,0,8471592
"1010","AI",2018,21740,"ALEUTIANS",410,385753,53448,0,439201
"1011","AI",2018,21740,"ALEUTIANS",570,2484504,4369325,0,6853829
"1012","AI",2018,21740,"ALEUTIANS",440,1728014,903556,0,2631570
"1013","AI",2018,21740,"ALEUTIANS",700,374182,496220,0,870402
"1014","AI",2018,21740,"ALEUTIANS",350,314997,213826,0,528823
"1015","AI",2018,21740,"ALEUTIANS",740,0,39159,0,39159
"1016","AI",2018,21740,"ALEUTIANS",710,0,265073,0,265073
"1017","AI",2018,21740,"ALEUTIANS",270,110030,73731,0,183760
"1018","AI",2018,21740,"ALEUTIANS",630,1699862,1746083,0,3445944
"1019","AI",2018,21740,"ALEUTIANS",560,2472414,2667262,0,5139677
"1020","AI",2018,21740,"ALEUTIANS",430,771365,292598,0,1063963
"1021","AI",2018,21740,"ALEUTIANS",380,112675,114520,0,227195
"1022","AI",2018,21740,"ALEUTIANS",610,2238164,1892556,0,4130720
"1023","AI",2018,21740,"ALEUTIANS",420,408387,261454,0,669840
"1024","AI",2018,21740,"ALEUTIANS",400,97488,111354,0,208842
"1025","AI",2018,21740,"ALEUTIANS",240,2606,11383,0,13989
"1026","AI",2018,21740,"ALEUTIANS",730,194609,72337,0,266945
